ItemId,colloq,consumeOnFull,consumed,depth,effect.Effect10Amount,effect.Effect11Amount,effect.Effect12Amount,effect.Effect13Amount,effect.Effect14Amount,effect.Effect15Amount,effect.Effect16Amount,effect.Effect17Amount,effect.Effect18Amount,effect.Effect19Amount,effect.Effect1Amount,effect.Effect20Amount,effect.Effect2Amount,effect.Effect3Amount,effect.Effect4Amount,effect.Effect5Amount,effect.Effect6Amount,effect.Effect7Amount,effect.Effect8Amount,effect.Effect9Amount,from,gold.base,gold.purchasable,gold.sell,gold.total,hideFromAll,inStore,into,maps.10,maps.11,maps.12,maps.22,name,plaintext,requiredAlly,requiredChampion,specialRecipe,stacks,stats.FlatArmorMod,stats.FlatCritChanceMod,stats.FlatHPPoolMod,stats.FlatHPRegenMod,stats.FlatMPPoolMod,stats.FlatMagicDamageMod,stats.FlatMovementSpeedMod,stats.FlatPhysicalDamageMod,stats.FlatSpellBlockMod,stats.PercentAttackSpeedMod,stats.PercentLifeStealMod,stats.PercentMovementSpeedMod,tags
1001,;,,,,,,,,,,,,,,,,,,,,,,,,,300,TRUE,210,300,,,"['3006', '3047', '3020', '3158', '3111', '3117', '3009', '3173']",TRUE,TRUE,TRUE,FALSE,Boots of Speed,Slightly increases Movement Speed,,,,,,,,,,,25,,,,,,['Boots']
1004,;,,,,,,,,,,,,,,,,,,,,,,,,,125,TRUE,88,125,,,"['3028', '3070', '3073', '3114', '3098', '2065', '3311']",TRUE,TRUE,TRUE,FALSE,Faerie Charm,Slightly increases Mana Regen,,,,,,,,,,,,,,,,,['ManaRegen']
1006,;,,,,,,,,,,,,,,,,,,,,,,,,,150,TRUE,105,150,,,"['3077', '3308', '3305', '3097', '2053', '3801', '3096', '3194', '4401']",TRUE,TRUE,TRUE,FALSE,Rejuvenation Bead,Slightly increases Health Regen,,,,,,,,,,,,,,,,,['HealthRegen']
1011,;,,,2,,,,,,,,,,,,,,,,,,,,,['1028'],600,TRUE,700,1000,,,"['3083', '3084', '3022', '3143', '3742']",TRUE,TRUE,TRUE,FALSE,Giant's Belt,Greatly increases Health,,,,,,,380,,,,,,,,,,['Health']
1018,;,,,,,,,,,,,,,,,,,,,,,,,,,800,TRUE,560,800,,,"['3031', '3185', '3508']",TRUE,TRUE,TRUE,FALSE,Cloak of Agility,Increases critical strike chance,,,,,,0.2,,,,,,,,,,,['CriticalStrike']
1026,;,,,,,,,,,,,,,,,,,,,,,,,,,850,TRUE,595,850,,,"['3135', '3029', '3151', '3027', '3100', '3102', '3116', '3165', '3285', '3312']",TRUE,TRUE,TRUE,FALSE,Blasting Wand,Moderately increases Ability Power,,,,,,,,,,40,,,,,,,['SpellDamage']
1027,;blue,,,,,,,,,,,,,,,,,,,,,,,,,350,TRUE,245,350,,,"['3057', '3070', '3010', '3024', '3073', '1402', '1414', '3802', '4104']",TRUE,TRUE,TRUE,FALSE,Sapphire Crystal,Increases Mana,,,,,,,,,250,,,,,,,,['Mana']
1028,;red,,,,,,,,,,,,,,,,,,,,,,,,,400,TRUE,280,400,,,"['1011', '3075', '3211', '3136', '3068', '3069', '3010', '3801', '3044', '3052', '3053', '3067', '3092', '3814', '3116', '3401', '3748', '3751', '3916']",TRUE,TRUE,TRUE,FALSE,Ruby Crystal,Increases Health,,,,,,,150,,,,,,,,,,['Health']
1029,;,,,,,,,,,,,,,,,,,,,,,,,,,300,TRUE,210,300,,,"['3047', '1031', '3191', '3024', '3082', '3076', '2053', '3105']",TRUE,TRUE,TRUE,FALSE,Cloth Armor,Slightly increases Armor,,,,,15,,,,,,,,,,,,['Armor']
1031,;,,,2,,,,,,,,,,,,,,,,,,,,,['1029'],500,TRUE,560,800,,,"['3068', '3118', '3109', '3026', '3193', '3742']",TRUE,TRUE,TRUE,FALSE,Chain Vest,Greatly increases Armor,,,,,40,,,,,,,,,,,,['Armor']
1033,;,,,,,,,,,,,,,,,,,,,,,,,,,450,TRUE,315,450,,,"['3111', '3211', '1057', '3028', '3140', '3155', '3105', '3190', '3102', '3194']",TRUE,TRUE,TRUE,FALSE,Null-Magic Mantle,Slightly increases Magic Resist,,,,,,,,,,,,,25,,,,['SpellBlock']
1036,;,,,,,,,,,,,,,,,,,,,,,,,,,350,TRUE,245,350,,,"['3080', '3077', '3123', '1053', '1059', '3155', '3134', '3095', '3162', '3035', '3044', '3052', '3072', '3122', '3133', '3144', '3161', '4003']",TRUE,TRUE,TRUE,FALSE,Long Sword,Slightly increases Attack Damage,,,,,,,,,,,,10,,,,,"['Damage', 'Lane']"
1037,;,,,,,,,,,,,,,,,,,,,,,,,,,875,TRUE,613,875,,,"['3231', '3230', '3124', '3004', '3005', '3008', '3031', '3036', '3053', '3074', '3814', '3813', '3812', '3139', '3181']",TRUE,TRUE,TRUE,FALSE,Pickaxe,Moderately increases Attack Damage,,,,,,,,,,,,25,,,,,['Damage']
1038,;bf,,,,,,,,,,,,,,,,,,,,,,,,,1300,TRUE,910,1300,,,"['3172', '3080', '3095', '3026', '3031', '3072', '3161', '3508', '4403']",TRUE,TRUE,TRUE,FALSE,B. F. Sword,Greatly increases Attack Damage,,,,,,,,,,,,40,,,,,['Damage']
1039,;jungle;Jungle,,,,,,,,,,,,,,60,,30,5,8,,,,,,,350,TRUE,245,350,,,"['3706', '3715']",TRUE,TRUE,FALSE,FALSE,Hunter's Talisman,Provides damage against Monsters and Mana Regen in the Jungle,,,,,,,,,,,,,,,,,"['LifeSteal', 'ManaRegen', 'OnHit', 'Jungle']"
1041,;jungle;Jungle,,,,,,,,,,,,,,35,,0.1,,,,,,,,,350,TRUE,245,350,,,"['3706', '3715']",TRUE,TRUE,FALSE,FALSE,Hunter's Machete,Provides damage and life steal versus Monsters,,,,,,,,,,,,,,,,,"['LifeSteal', 'OnHit', 'Jungle']"
1042,;,,,,,,,,,,,,,,,,,,,,,,,,,300,TRUE,210,300,,,"['3172', '1043', '3091', '3006', '3085', '2015', '3086', '3046', '3101', '3131']",TRUE,TRUE,TRUE,FALSE,Dagger,Slightly increases Attack Speed,,,,,,,,,,,,,,0.12,,,['AttackSpeed']
1043,;,,,2,,,,,,,,,,,15,,,,,,,,,,"['1042', '1042']",400,TRUE,700,1000,,,"['3091', '3153', '3124', '3675', '1416', '1419', '3149', '4105']",TRUE,TRUE,TRUE,FALSE,Recurve Bow,Greatly increases Attack Speed,,,,,,,,,,,,,,0.25,,,"['AttackSpeed', 'OnHit']"
1051,;,,,,,,,,,,,,,,0.1,,,,,,,,,,,400,TRUE,280,400,,,"['3086', '3046', '3122']",TRUE,TRUE,TRUE,FALSE,Brawler's Gloves,Slightly increases Critical Strike Chance,,,,,,,,,,,,,,,,,['CriticalStrike']
1052,;amptome,,,,,,,,,,,,,,,,,,,,,,,,,435,TRUE,305,435,,,"['3108', '3191', '3136', '3135', '3145', '3113', '3090', '3124', '3116', '3673', '3802', '3916']",TRUE,TRUE,TRUE,FALSE,Amplifying Tome,Slightly increases Ability Power,,,,,,,,,,20,,,,,,,['SpellDamage']
1053,;,,,2,,,,,,,,,,,,,,,,,,,,,['1036'],550,TRUE,630,900,,,"['3072', '3074', '3812', '3139', '3144', '3181', '4403']",TRUE,TRUE,TRUE,FALSE,Vampiric Scepter,Basic attacks restore Health,,,,,,,,,,,,15,,,0.1,,"['Damage', 'LifeSteal']"
1054,;dshield,,,,,,,,,,,,,,0,,10,5,30,,,,,,,450,TRUE,180,450,,,,TRUE,TRUE,TRUE,FALSE,Doran's Shield,Good defensive starting item,,,,,,,80,1.2,,,,,,,,,"['Health', 'HealthRegen', 'Lane']"
1055,;dblade,,,,,,,,,,,,,,10,,,,,,,,,,,450,TRUE,180,450,,,,TRUE,TRUE,TRUE,FALSE,Doran's Blade,Good starting item for attackers,,,,,,,80,,,,,8,,,0.03,,"['Damage', 'Health', 'Lane', 'LifeSteal']"
1056,;dring,,,,,,,,,,,,,,0,,5,,,,,,,,,400,TRUE,160,400,,,,TRUE,TRUE,TRUE,FALSE,Doran's Ring,Good starting item for casters,,,,,,,60,,,15,,,,,,,"['Health', 'Lane', 'ManaRegen', 'SpellDamage']"
1057,;,,,2,,,,,,,,,,,,,,,,,,,,,['1033'],270,TRUE,504,720,,,"['3170', '3091', '3193', '3001', '3512', '4401']",TRUE,TRUE,TRUE,FALSE,Negatron Cloak,Moderately increases Magic Resist,,,,,,,,,,,,,40,,,,['SpellBlock']
1058,;nlr,,,,,,,,,,,,,,,,,,,,,,,,,1250,TRUE,875,1250,,,"['3089', '3090', '3128', '3907', '4403']",TRUE,TRUE,TRUE,FALSE,Needlessly Large Rod,Greatly increases Ability Power,,,,,,,,,,60,,,,,,,['SpellDamage']
1059,;,,,2,,,,,,,,,,,,,,,,,,,,,['1036'],550,TRUE,630,900,,,"['3231', '3230', '3080', '3162', '3813']",FALSE,FALSE,FALSE,FALSE,Space Vampiric Scepter,Basic attacks restore Health,,,,,,,,,,,,15,,,0.025,,"['Damage', 'LifeSteal']"
1082,;Noxian,,,,,,,,,,,,,,0.25,,2,1,10,3,4,,,,,350,TRUE,140,350,,,['3041'],FALSE,TRUE,FALSE,FALSE,Dark Seal,Provides Ability Power and Mana.  Increases in power as you kill enemies.,,,,,,,,,100,10,,,,,,,"['HealthRegen', 'SpellDamage', 'Mana', 'Lane']"
1083,;dblade,,,,,,,,,,,,,,3,,1,100,350,,,,,,,450,TRUE,180,450,,,,TRUE,TRUE,TRUE,FALSE,Cull,Provides damage and Life Steal on hit - Killing minions grant bonus Gold,,,,,,,,,,,,7,,,,,"['Damage', 'LifeSteal', 'Lane']"
1400,,,,3,,,,,,,,,,,80,,30,5,8,40,0.1,2,-0.2,,"['3133', '3706']",525,TRUE,1838,2625,TRUE,,,TRUE,TRUE,FALSE,FALSE,Enchantment: Warrior,Grants Attack Damage and Cooldown Reduction,,,,,,,,,,,,60,,,,,[]
1401,,,,3,,,,,,,,,,,80,,30,5,8,40,0.1,2,-0.2,,"['3751', '3706']",600,TRUE,1750,2500,TRUE,,,TRUE,TRUE,FALSE,FALSE,Enchantment: Cinderhulk,Grants Health and Immolate Aura,,,,,,,300,,,,,,,,,,[]
1402,,,,3,,,,,,,,,,,80,,30,5,8,40,0.1,2,-0.2,,"['3108', '1027', '3706']",250,TRUE,1750,2500,TRUE,,,TRUE,TRUE,FALSE,FALSE,Enchantment: Runic Echoes,Grants Ability Power and periodically empowers your Spells,,,,,,,,,300,80,,,,,,,[]
1412,,,,3,0.2,0.1,,,,,,,,,80,,30,5,8,40,4,3,18,2,"['3133', '3715']",525,TRUE,1838,2625,TRUE,,,TRUE,TRUE,FALSE,FALSE,Enchantment: Warrior,Grants Attack Damage and Cooldown Reduction,,,,,,,,,,,,60,,,,,[]
1413,,,,3,0.2,0.1,,,,,,,,,80,,30,5,8,40,4,3,18,2,"['3751', '3715']",600,TRUE,1750,2500,TRUE,,,TRUE,TRUE,FALSE,FALSE,Enchantment: Cinderhulk,Grants Health and Immolate Aura,,,,,,,300,,,,,,,,,,[]
1414,,,,3,0.2,0.1,,,,,,,,,80,,30,5,8,40,4,3,18,2,"['3108', '1027', '3715']",250,TRUE,1750,2500,TRUE,,,TRUE,TRUE,FALSE,FALSE,Enchantment: Runic Echoes,Grants Ability Power and periodically empowers your Spells,,,,,,,,,300,80,,,,,,,[]
1416,,,,3,,,,,,,,,,,80,,30,5,8,40,0.1,2,-0.2,,"['1043', '3706']",625,TRUE,1838,2625,TRUE,,,TRUE,TRUE,FALSE,FALSE,Enchantment: Bloodrazor,Increases Attack Speed and deals damage based on the target's Health,,,,,,,,,,,,,,0.5,,,[]
1419,,,,3,0.2,0.1,,,,,,,,,80,,30,5,8,40,4,3,18,2,"['1043', '3715']",625,TRUE,1838,2625,TRUE,,,TRUE,TRUE,FALSE,FALSE,Enchantment: Bloodrazor,Increases Attack Speed and deals damage based on the target's Health,,,,,,,,,,,,,,0.5,,,[]
2003,;,,TRUE,,,,,,,,,,,,150,,15,,,,,,,,,50,TRUE,20,50,,,,TRUE,TRUE,TRUE,FALSE,Health Potion,Consume to restore Health over time,,,,5,,,,,,,,,,,,,"['Consumable', 'Jungle', 'Lane']"
2004,;,,TRUE,,,,,,,,,,,,100,,15,,,,,,,,,30,FALSE,12,30,TRUE,FALSE,,TRUE,TRUE,TRUE,FALSE,Mana Potion,Consume to restore Mana over time,,,,5,,,,,,,,,,,,,"['Consumable', 'Lane']"
2009,;,,TRUE,,,,,,,,,,,,,,,,,,,,,,,0,FALSE,0,0,,FALSE,,TRUE,TRUE,TRUE,FALSE,Total Biscuit of Rejuvenation,,,,,,,,,,,,,,,,,,[]
2010,;,,TRUE,,,,,,,,,,,,10,,,,,,,,,,,75,FALSE,30,75,TRUE,FALSE,,TRUE,TRUE,TRUE,FALSE,Total Biscuit of Everlasting Will,,,,,10,,,,,,,,,,,,,[]
2011,;,,TRUE,,,,,,,,,,,,,,,,,,,,,,,0,FALSE,0,0,TRUE,FALSE,,TRUE,TRUE,TRUE,FALSE,Elixir Of Skill,,,,,5,,,,,,,,,,,,,"['Consumable', 'Lane', 'Jungle']"
2012,;,,TRUE,,,,,,,,,,,,15,,,,,,,,,,,75,FALSE,30,75,TRUE,FALSE,,TRUE,TRUE,TRUE,FALSE,Looted Biscuit of Rejuvenation,,,,,10,,,,,,,,,,,,,[]
2013,;,TRUE,TRUE,,,,,,,,,,,,15,,40,6,18,,,,,,,60,FALSE,24,60,TRUE,FALSE,,FALSE,FALSE,TRUE,FALSE,Looted Oracle's Extract,Allows champion to see invisible or unseen enemy units,,,,,,,,,,,,,,,,,"['Consumable', 'Stealth', 'Vision']"
2015,;,,,2,,,,,,,,,,,50,,,,,,,,,,['1042'],300,TRUE,420,600,,,"['3094', '3095', '3087']",TRUE,TRUE,TRUE,FALSE,Kircheis Shard,Attack speed and a chargable magic hit,,,,,,,,,,,,,,0.15,,,"['AttackSpeed', 'OnHit']"
2031,;,,,,,,,,,,,,,,125,,0,12,2,,,,,,,150,TRUE,60,150,,,['2033'],TRUE,TRUE,TRUE,FALSE,Refillable Potion,Restores Health over time. Refills at shop.,,,,,,,,,,,,,,,,,"['HealthRegen', 'Consumable', 'Active', 'Lane', 'Jungle']"
2033,;,,,2,,,,,,,,,,,125,,75,12,3,10,0.1,15,3,0.5,['2031'],350,TRUE,200,500,,,,TRUE,TRUE,TRUE,FALSE,Corrupting Potion,Restores Health and Mana over time and boosts combat power - Refills at Shop,,,,,,,,,,,,,,,,,"['Active', 'Consumable', 'HealthRegen', 'Lane', 'ManaRegen']"
2047,;,TRUE,TRUE,,,,,,,,,,,,,,,,,,,,,,,300,TRUE,120,300,,,,FALSE,FALSE,TRUE,FALSE,Oracle's Extract,Allows champion to see invisible or unseen enemy units,,,,,,,,,,,,,,,,,"['Consumable', 'Stealth', 'Vision']"
2050,;,,,,,,,,,,,,,,,,,,,,,,,,,0,FALSE,0,0,,FALSE,,TRUE,TRUE,TRUE,FALSE,Explorer's Ward,,,,,,,,,,,,,,,,,,['Consumable']
2051,Golden Arm of Kobe;Golden Bicep of Kobe;Horn; Horn of the ManWolf; ManWolf,,,,,,,,,,,,,,12,,0.25,,,,,,,,,950,TRUE,380,950,,,,FALSE,FALSE,TRUE,FALSE,Guardian's Horn,Good starting item for tanks,,,,,,,150,4,,,,,,,,,"['Health', 'HealthRegen', 'Lane']"
2052,;,,TRUE,,,,,,,,,,,,,,,,,,,,,,,0,FALSE,0,0,,FALSE,,TRUE,TRUE,TRUE,FALSE,Poro-Snax,,,,,2,,,,,,,,,,,,,[]
2053,;,,,2,,,,,,,,,,,20,,2,,,,,,,,"['1006', '1029']",450,TRUE,630,900,,,"['3056', '3306', '3512']",TRUE,TRUE,FALSE,FALSE,Raptor Cloak,Enhances Movement Speed near turrets,,,,,30,,,,,,,,,,,,"['Armor', 'HealthRegen', 'NonbootsMovement']"
2054,,,TRUE,,,,,,,,,,,,,,,,,,,,,,,0,FALSE,0,0,,FALSE,,TRUE,TRUE,TRUE,FALSE,Diet Poro-Snax,,,,,,,,,,,,,,,,,,[]
2055,orange;,,TRUE,,,,,,,,,,,,1,,2,,,,,,,,,75,TRUE,30,75,,,,FALSE,TRUE,FALSE,FALSE,Control Ward,Used to disable wards and invisible traps in an area.,,,,2,,,,,,,,,,,,,"['Consumable', 'Lane', 'Stealth', 'Vision']"
2056,green;,,TRUE,,,,,,,,,,,,60,,3,3,120,,,,,,,60,FALSE,24,60,TRUE,FALSE,,FALSE,TRUE,FALSE,FALSE,Pilfered Stealth Ward,Use to temporarily provide vision in an area,,,,3,,,,,,,,,,,,,"['Consumable', 'Lane', 'Vision']"
2057,blue; totem;,,TRUE,,198,99,60,180,10,45,,,,,2000,,2,5,198,60,9,30,120,6.5,,60,FALSE,24,60,TRUE,FALSE,,FALSE,TRUE,TRUE,FALSE,Peering Farsight Ward,Grants increased range and reveals the targetted area,,,,,,,,,,,,,,,,,"['Vision', 'Active']"
2058,;white,TRUE,TRUE,,,,,,,,,,,,150,,0.25,0.75,0.15,0.15,6,18,9,1.5,,80,FALSE,32,80,TRUE,FALSE,,TRUE,TRUE,TRUE,FALSE,Travel Size Elixir of Iron,Temporarily increases defenses. Leaves a trail for allies to follow.,,,,,,,,,,,,,,,,,"['Health', 'Consumable', 'NonbootsMovement', 'Tenacity']"
2059,;blue,TRUE,TRUE,,6,18,,,,,,,,,25,,25,15,0.75,5,1.5,0,9,1.5,,80,FALSE,32,80,TRUE,FALSE,,TRUE,TRUE,TRUE,FALSE,Travel Size Elixir of Sorcery,Temporarily grants Ability Power and Bonus Damage to champions and turrets.,,,,,,,,,,,,,,,,,"['Consumable', 'ManaRegen', 'SpellDamage']"
2060,;red,TRUE,TRUE,,,,,,,,,,,,15,,15,0.1,0.75,0,1.5,6,9,18,,80,FALSE,32,80,TRUE,FALSE,,TRUE,TRUE,TRUE,FALSE,Travel Size Elixir of Wrath,Temporarily grants Attack Damage and heals you when dealing physical damage to champions.,,,,,,,,,,,,,,,,,"['Consumable', 'Damage', 'LifeSteal', 'SpellVamp']"
2061,;,,TRUE,,,,,,,,,,,,50,,5,,,,,,,,,40,FALSE,16,40,TRUE,FALSE,,TRUE,TRUE,TRUE,FALSE,Pilfered Health Potion,Consume to restore Health over time,,,,5,,,,,,,,,,,,,"['Consumable', 'Jungle', 'Lane']"
2062,;,,TRUE,,,,,,,,,,,,10,,1,45,,,,,,,,80,FALSE,32,80,TRUE,FALSE,,TRUE,TRUE,TRUE,FALSE,Pilfered Potion of Rouge,Consume to gain a short window of power.,,,,5,,,,,,,,,,,,,"['Consumable', 'Jungle', 'Lane']"
2065,;shurelya;reverie;,,,3,,,,,,,,,,,0.4,,3,90,-0.1,0.05,2,,,,"['3067', '3113', '1004']",475,TRUE,1575,2250,,,,FALSE,TRUE,TRUE,FALSE,Shurelya's Reverie,"Grants Health, Ability Power, Mana Regeneration, Cooldown Reduction, and Movement Speed. Activate to speed up nearby allies.",,,,,,,200,,,40,,,,,,,"['Health', 'SpellDamage', 'ManaRegen', 'Active', 'CooldownReduction', 'NonbootsMovement']"
2138,;white,TRUE,TRUE,,,,,,,,,,,,300,,0.25,3,0.15,0.15,0,0,9,,,500,TRUE,200,500,,,,TRUE,TRUE,TRUE,FALSE,Elixir of Iron,Temporarily increases defenses. Leaves a trail for allies to follow.,,,,,,,,,,,,,,,,,"['Health', 'Consumable', 'NonbootsMovement', 'Tenacity']"
2139,;blue,TRUE,TRUE,,,,,,,,,,,,50,,50,25,3,5,3,0,9,,,500,TRUE,200,500,,,,TRUE,TRUE,TRUE,FALSE,Elixir of Sorcery,Temporarily grants Ability Power and Bonus Damage to champions and turrets.,,,,,,,,,,,,,,,,,"['Consumable', 'ManaRegen', 'SpellDamage']"
2140,;red,TRUE,TRUE,,,,,,,,,,,,30,,30,0.15,3,0,0,0,9,,,500,TRUE,200,500,,,,TRUE,TRUE,TRUE,FALSE,Elixir of Wrath,Temporarily grants Attack Damage and heals you when dealing physical damage to champions.,,,,,,,,,,,,,,,,,"['Consumable', 'Damage', 'LifeSteal', 'SpellVamp']"
2319,BodyBlocking Body Block,,TRUE,,,,,,,,,,,,40,,110,,,,,,,,,65,FALSE,65,65,TRUE,FALSE,,TRUE,TRUE,TRUE,FALSE,Sly Sack of Gold,Filled with gold,,,,50,,,,,,,,,,,,,"['Consumable', 'GoldPer']"
2403,;,,TRUE,,,,,,,,,,,,,,,,,,,,,,,0,FALSE,0,0,TRUE,FALSE,,TRUE,TRUE,TRUE,FALSE,Minion Dematerializer,,,,,10,,,,,,,,,,,,,[]
2419,,,,,,,,,,,,,,,,,,,,,,,,,,0,FALSE,0,0,,FALSE,['2420'],FALSE,TRUE,TRUE,FALSE,Commencing Stopwatch,,,,,,,,,,,,,,,,,,['Active']
2420,;zhg;zonyas,,,,,,,,,,,,,,0,,2.5,,,,,,,,,600,TRUE,240,600,,,"['3157', '3026', '3193', '3090', '4003']",TRUE,TRUE,TRUE,FALSE,Stopwatch,Activate to become invincible but unable to take actions,,,,,,,,,,,,,,,,,['Active']
2421,;,,,,,,,,,,,,,,0,,0,0,0,300,,,,,,600,TRUE,240,600,TRUE,,"['3157', '3026', '3193', '3090']",TRUE,TRUE,TRUE,FALSE,Broken Stopwatch,Upgrades to stopwatch,,,,,,,,,,,,,,,,,[]
2422,;,,,,,,,,,,,,,,,,,,,,,,,,,300,FALSE,210,300,,FALSE,"['3006', '3047', '3020', '3158', '3111', '3117', '3009']",TRUE,TRUE,TRUE,FALSE,Slightly Magical Boots,Slightly increases Movement Speed,,,,,,,,,,,25,,,,,,['Boots']
2423,,,,,,,,,,,,,,,0,,2.5,,,,,,,,,600,FALSE,240,600,,FALSE,"['3157', '3026', '3193', '3090']",TRUE,TRUE,TRUE,FALSE,Stopwatch,,,,,,,,,,,,,,,,,,['Active']
2424,,,,,,,,,,,,,,,0,,0,0,0,300,,,,,,600,FALSE,240,600,TRUE,FALSE,"['3157', '3026', '3193', '3090']",TRUE,TRUE,TRUE,FALSE,Broken Stopwatch,,,,,,,,,,,,,,,,,,[]
3001,;,,,3,,,,,,,,,,,-10,,-25,0.15,25,0.2,0.15,325,,,"['3010', '1057']",1180,TRUE,2100,3000,,,['3379'],TRUE,TRUE,TRUE,FALSE,Abyssal Mask,Nearby enemies take more magic damage,,,,,,,350,,300,,,,55,,,,"['Health', 'SpellBlock', 'HealthRegen', 'Mana', 'ManaRegen', 'Aura', 'CooldownReduction', 'MagicPenetration']"
3003,;aa,,,3,-0.1,,,,,,,,,,0.01,,8,750,2,8,0,0.25,3,12,"['3070', '3802']",1050,TRUE,2240,3200,,,,TRUE,TRUE,TRUE,FALSE,Archangel's Staff,Increases Ability Power based on maximum Mana,,,,,,,,,650,50,,,,,,,"['SpellDamage', 'Mana', 'ManaRegen', 'CooldownReduction']"
3004,;,,,3,12,,,,,,,,,,0.02,,4,750,2,8,1,0.15,5,3,"['3070', '1037']",675,TRUE,1680,2400,,,,TRUE,TRUE,TRUE,FALSE,Manamune,Increases Attack Damage based on maximum Mana,,,,,,,,,250,,,35,,,,,"['Damage', 'Mana', 'ManaRegen', 'OnHit']"
3005,;wreckoning;Wreckoning,,,3,,,,,,,,,,,0.005,,5,0.025,25,0.2,75,,,,"['3105', '1037']",925,TRUE,2030,2900,,,,FALSE,FALSE,FALSE,FALSE,Atma's Reckoning,Increases Attack Damage based on maximum Health,,,,,30,,,,,,,25,30,,,,"['SpellBlock', 'Armor', 'Damage']"
3006,;,,,2,,,,,,,,,,,,,,,,,,,,,"['1001', '1042']",500,TRUE,770,1100,,,,TRUE,TRUE,TRUE,FALSE,Berserker's Greaves,Enhances Movement Speed and Attack Speed,,,,,,,,,,,45,,,0.35,,,"['AttackSpeed', 'Boots']"
3007,;aa,,,3,-0.1,,,,,,,,,,0.01,,12,750,2,8,0,0.25,3,12,"['3073', '3802']",1050,TRUE,2240,3200,,,,TRUE,TRUE,TRUE,FALSE,Archangel's Staff (Quick Charge),Increases Ability Power based on maximum Mana,,,,,,,,,650,50,,,,,,,"['SpellDamage', 'Mana', 'ManaRegen', 'CooldownReduction']"
3008,;,,,3,12,,,,,,,,,,0.02,,6,750,2,8,1,0.15,6,3,"['3073', '1037']",675,TRUE,1680,2400,,,,TRUE,TRUE,TRUE,FALSE,Manamune (Quick Charge),Increases Attack Damage based on maximum Mana,,,,,,,,,250,,,35,,,,,"['Damage', 'Mana', 'ManaRegen', 'OnHit']"
3009,;,,,2,,,,,,,,,,,0.25,,,,,,,,,,['1001'],600,TRUE,630,900,,,,TRUE,TRUE,TRUE,FALSE,Boots of Swiftness,Enhances Movement Speed and reduces the effect of slows,,,,,,,,,,,55,,,,,,['Boots']
3010,;,,,2,,,,,,,,,,,150,,200,8,15,0.2,0.15,,,,"['1028', '1027']",350,TRUE,770,1100,,,"['3027', '3029', '3001', '4402']",TRUE,TRUE,TRUE,FALSE,Catalyst of Aeons,Spend Mana to recover Health,,,,,,,225,,300,,,,,,,,"['Health', 'HealthRegen', 'Mana', 'ManaRegen']"
3020,;,,,2,,,,,,,,,,,18,,,,,,,,,,['1001'],800,TRUE,770,1100,,,,TRUE,TRUE,TRUE,FALSE,Sorcerer's Shoes,Enhances Movement Speed and magic damage,,,,,,,,,,,45,,,,,,"['Boots', 'MagicPenetration']"
3022,;fm,,,3,,,,,,,,,,,1.5,,0.4,0.2,,,,,,,"['3052', '1011']",900,TRUE,2170,3100,,,,TRUE,TRUE,TRUE,FALSE,Frozen Mallet,Basic attacks slow enemies,,,,,,,700,,,,,30,,,,,"['Damage', 'Health', 'OnHit', 'Slow']"
3024,;,,,2,,,,,,,,,,,-0.1,,,,,,,,,,"['1027', '1029']",250,TRUE,630,900,,,"['3110', '3025', '3050', '3800', '3187']",TRUE,TRUE,TRUE,FALSE,Glacial Shroud,Increases Armor and Cooldown Reduction,,,,,20,,,,250,,,,,,,,"['Armor', 'CooldownReduction', 'Mana']"
3025,;frozen fist,,,3,,,,,,,,,,,-0.2,,1,2,-0.3,1.5,,,,,"['3057', '3024']",750,TRUE,1890,2700,,,['3387'],TRUE,TRUE,TRUE,FALSE,Iceborn Gauntlet,Basic attacks create a slow field after spell cast,,,,,65,,,,500,,,,,,,,"['Armor', 'Mana', 'CooldownReduction', 'Slow']"
3026,;ga,,,3,,,,,,,,,,,0.5,,4,300,0.3,,,,,,"['1038', '1031', '2420']",100,TRUE,1120,2800,,,,FALSE,TRUE,FALSE,FALSE,Guardian Angel,Periodically revives champion upon death,,,,,40,,,,,,,45,,,,,"['Armor', 'Damage']"
3027,;roa,,,3,0.2,0.15,,,,,,,,,20,,10,4,1,10,150,200,8,25,"['3010', '1026']",650,TRUE,1820,2600,,,,TRUE,TRUE,TRUE,FALSE,Rod of Ages,"Greatly increases Health, Mana, and Ability Power",,,,,,,300,,300,60,,,,,,,"['Health', 'HealthRegen', 'Mana', 'ManaRegen', 'SpellDamage']"
3028,;,,,2,,,,,,,,,,,2,,5,600,180,8,1,1,,,"['1004', '1033', '1004']",100,TRUE,560,800,,,"['3174', '3222']",TRUE,TRUE,TRUE,FALSE,Chalice of Harmony,Increases Mana and Health Regeneration,,,,,,,,,,,,,30,,,,"['SpellBlock', 'HealthRegen', 'ManaRegen']"
3029,;roa,,,3,0.2,0.15,,,,,,,,,20,,10,4,1,10,150,200,8,25,"['3010', '1026']",650,TRUE,1820,2600,,,,TRUE,TRUE,TRUE,FALSE,Rod of Ages (Quick Charge),"Greatly increases Health, Mana, and Ability Power",,,,,,,300,,300,60,,,,,,,"['Health', 'HealthRegen', 'Mana', 'ManaRegen', 'SpellDamage']"
3030,frost cannon;,,,3,0.2,0.15,40,-0.1,10,-0.65,,,,,0,,0,0,2,0.65,100,200,0.2,25,"['3802', '3145']",450,TRUE,1960,2800,,,,TRUE,TRUE,TRUE,FALSE,Hextech GLP-800,Activate to fire icy bolts to slow enemies,,,,,,,,,600,80,,,,,,,"['SpellDamage', 'Mana', 'Active', 'CooldownReduction', 'Slow']"
3031,;ie,,,2,,,,,,,,,,,2.25,,,,,,,,,,"['1038', '1037', '1018']",425,TRUE,2380,3400,,,['3371'],TRUE,TRUE,TRUE,FALSE,Infinity Edge,Massively enhances critical strikes,,,,,,0.25,,,,,,80,,,,,"['CriticalStrike', 'Damage']"
3033,;lw;grievous,,,3,,,,,,,,,,,5,,0.25,,,,,,,,"['3035', '3123']",550,TRUE,1960,2800,,,,TRUE,TRUE,TRUE,FALSE,Mortal Reminder,Overcomes enemies with high Health recovery and Armor,,,,,,,,,,,,45,,,,,"['ArmorPenetration', 'Damage']"
3035,;lw,,,2,,,,,,,,,,,0.25,,0.35,0.2,,,,,,,"['1036', '1036']",750,TRUE,1015,1450,,,"['3033', '3036']",TRUE,TRUE,TRUE,FALSE,Last Whisper,Overcomes enemies with high Armor,,,,,,,,,,,,20,,,,,"['ArmorPenetration', 'Damage']"
3036,;lw,,,3,,,,,,,,,,,0.35,,,,,,,,,,"['3035', '1037']",475,TRUE,1960,2800,,,,TRUE,TRUE,TRUE,FALSE,Lord Dominik's Regards,Overcomes enemies with high health and armor,,,,,,,,,,,,45,,,,,"['Damage', 'ArmorPenetration']"
3040,;,,,,,,,,,,,,,,0.03,,0.15,2,150,120,0,0.25,-0.1,,,3200,FALSE,2240,3200,,FALSE,,TRUE,TRUE,TRUE,FALSE,Seraph's Embrace,,,,3003,,,,,,1400,50,,,,,,,['Active']
3041,;,,,2,,,,,,,,,,,5,,4,2,25,0.5,0.1,10,10,,['1082'],1050,TRUE,980,1400,,,,FALSE,TRUE,FALSE,FALSE,Mejai's Soulstealer,Grants Ability Power for kills and assists,,,,,,,,,200,20,,,,,,,"['SpellDamage', 'Mana']"
3042,;,,,,,,,,,,,,,,0.15,,,,,,,,,,,2400,FALSE,1680,2400,,FALSE,,TRUE,TRUE,TRUE,FALSE,Muramana,,,,3004,,,,,,1000,,,35,,,,,['OnHit']
3043,,,,,,,,,,,,,,,0.15,,,,,,,,,,,2400,FALSE,1680,2400,,FALSE,,TRUE,TRUE,TRUE,FALSE,Muramana,,,,3008,,,,,,1000,,,35,,,,,['OnHit']
3044,;,,,2,,,,,,,,,,,20,,2,60,,,,,,,"['1028', '1036']",500,TRUE,875,1250,,,"['3078', '3071']",TRUE,TRUE,TRUE,FALSE,Phage,Attacks and kills give a small burst of speed,,,,,,,200,,,,,15,,,,,"['Damage', 'Health', 'NonbootsMovement', 'OnHit']"
3046,;pd,,,3,40,5,0.3,0.7,2,300,1,0.4,9,,0.24,,10,550,0.07,0.3,2.5,90,240,600,"['1042', '3086', '1051']",700,TRUE,1820,2600,,,,TRUE,TRUE,TRUE,FALSE,Phantom Dancer,Move faster while attacking enemies and gain a shield when on low health.,,,,,,0.25,,,,,,,,0.3,,0.05,"['AttackSpeed', 'CriticalStrike', 'NonbootsMovement']"
3047,;,,,2,,,,,,,,,,,0.12,,,,,,,,,,"['1001', '1029']",500,TRUE,770,1100,,,,TRUE,TRUE,TRUE,FALSE,Ninja Tabi,Enhances Movement Speed and reduces incoming basic attack damage,,,,,20,,,,,,45,,,,,,"['Armor', 'Boots']"
3048,,,,,,,,,,,,,,,0.03,,0.15,2,150,120,0,0.25,-0.1,,,3200,FALSE,2240,3200,,FALSE,,TRUE,TRUE,TRUE,FALSE,Seraph's Embrace,,,,3007,,,,,,1400,50,,,,,,,['Active']
3050,;haroldandkumar,,,3,3,2,300,40,2,0.5,,,,,-0.1,,20,40,0.3,1000,0.5,10,3,45,"['3105', '3024']",250,TRUE,1575,2250,,,,TRUE,TRUE,TRUE,FALSE,Zeke's Convergence,Grants you and your ally bonuses when you cast your ultimate.,,,,,60,,,,250,,,,30,,,,"['SpellBlock', 'Armor', 'Mana', 'Aura', 'Active', 'CooldownReduction']"
3052,;enforcer,,,2,,,,,,,,,,,20,,5,2,100,,,,,,"['1036', '1028']",450,TRUE,840,1200,,,"['3104', '3022', '3053', '3748']",TRUE,TRUE,TRUE,FALSE,Jaurim's Fist,Attack Damage and stacking Health on Unit Kill,,,,,,,200,,,,,15,,,,,"['Health', 'Damage']"
3053,;juggernaut;primal,,,3,0.75,0.3,,,,,,,,,400,,0.5,5,0.75,0,8,60,3,1800,"['3052', '1037', '1028']",725,TRUE,2240,3200,,,,TRUE,TRUE,TRUE,FALSE,Sterak's Gage,Shields against large bursts of damage,,,,,,,450,,,,,,,,,,"['Health', 'Damage']"
3056,;,,,3,,,,,,,,,,,3,,120,8,0.2,1,,,,,"['2053', '3067']",950,TRUE,1855,2650,,,,FALSE,TRUE,TRUE,FALSE,Ohmwrecker,Temporarily disables enemy turrets,,,,,50,,300,,,,,,,,,,"['Active', 'Armor', 'CooldownReduction', 'Health', 'HealthRegen', 'NonbootsMovement']"
3057,;,,,2,,,,,,,,,,,1.5,,1,,,,,,,,['1027'],700,TRUE,735,1050,,,"['3078', '3100', '3025']",TRUE,TRUE,TRUE,FALSE,Sheen,Grants a bonus to next attack after spell cast,,,,,,,,,250,,,,,,,,"['Mana', 'CooldownReduction']"
3065,;sv,,,3,,,,,,,,,,,0,,0.3,0.5,,,,,,,"['3211', '3067']",800,TRUE,1960,2800,,,,TRUE,TRUE,TRUE,FALSE,Spirit Visage,Increases Health and healing effects,,,,,,,450,,,,,,55,,,,"['CooldownReduction', 'Health', 'HealthRegen', 'SpellBlock']"
3067,;,,,2,,,,,,,,,,,-0.1,,,,,,,,,,['1028'],400,TRUE,560,800,,,"['3187', '3065', '3071', '3309', '3118', '3109', '3083', '3152', '2065', '3056', '3161', '4403']",TRUE,TRUE,TRUE,FALSE,Kindlegem,Increases Health and Cooldown Reduction,,,,,,,200,,,,,,,,,,"['CooldownReduction', 'Health']"
3068,;,,,3,,,,,,,,,,,25,,1,0.5,,,,,,,"['1031', '1028', '3751']",650,TRUE,1925,2750,,,['3373'],TRUE,TRUE,TRUE,FALSE,Sunfire Cape,Constantly deals damage to nearby enemies,,,,,60,,425,,,,,,,,,,"['Armor', 'Health']"
3069,;shurelya;reverie; Eye of Ascension;,,,3,500,50,0.06,10,10,,,,,,-0.1,,2,15,25,0.4,3,60,10,2,"['3096', '1028']",250,TRUE,600,1500,,,,FALSE,TRUE,FALSE,FALSE,Remnant of the Ascended,"Provides Gold, Mana, and Stealth Wards over time",,,,,,,200,,,,,,,,,,"['Health', 'HealthRegen', 'ManaRegen', 'Active', 'GoldPer', 'CooldownReduction', 'NonbootsMovement']"
3070,;,,,2,,,,,,,,,,,4,,8,1,8,750,2,0.1,3,12,"['1027', '1004']",375,TRUE,595,850,,,"['3003', '3004']",TRUE,TRUE,TRUE,FALSE,Tear of the Goddess,Increases maximum Mana as Mana is spent,,,,,,,,,250,,,,,,,,"['Mana', 'ManaRegen']"
3071,;bc,,,3,0.01,,,,,,,,,,-0.2,,0.04,6,6,0.24,20,2,60,2,"['3044', '3067']",950,TRUE,2100,3000,,,['3380'],TRUE,TRUE,TRUE,FALSE,Black Cleaver,Dealing physical damage to enemy champions reduces their Armor,,,,,,,400,,,,,40,,,,,"['ArmorPenetration', 'CooldownReduction', 'Damage', 'Health', 'NonbootsMovement', 'OnHit']"
3072,;bt,,,3,,,,,,,,,,,50,,350,25,0.2,,,,,,"['1038', '1036', '1053']",950,TRUE,2450,3500,,,,TRUE,TRUE,TRUE,FALSE,Bloodthirster,"Grants Attack Damage, Life Steal and Life Steal now overheals",,,,,,,,,,,,80,,,,,"['Damage', 'LifeSteal']"
3073,;,,,2,,,,,,,,,,,6,,8,1,8,750,2,0.1,3,12,"['1027', '1004']",375,TRUE,595,850,,,"['3007', '3008']",TRUE,TRUE,TRUE,FALSE,Tear of the Goddess (Quick Charge),Increases maximum Mana as Mana is spent,,,,,,,,,250,,,,,,,,"['Mana', 'ManaRegen']"
3074,;,,,3,,,,,,,,,,,0.2,,0.6,0.6,1,10,,,,,"['3077', '1053', '1037']",400,TRUE,2450,3500,,,,TRUE,TRUE,TRUE,FALSE,Ravenous Hydra,"Melee attacks hit nearby enemies, dealing damage and restoring Health",,,,,,,,,,,,80,,,0.12,,"['Active', 'Damage', 'HealthRegen', 'LifeSteal', 'OnHit']"
3075,;grievous,,,3,,,,,,,,,,,25,,3,3,1,0.15,0.1,0.1,,,"['3076', '1028', '3082']",500,TRUE,2030,2900,,,,TRUE,TRUE,TRUE,FALSE,Thornmail,Returns damage taken from basic attacks as magic damage,,,,,80,,250,,,,,,,,,,"['Health', 'Armor', 'Slow']"
3076,;grievous,,,2,,,,,,,,,,,0.1,,3,3,,,,,,,"['1029', '1029']",400,TRUE,700,1000,,,['3075'],TRUE,TRUE,TRUE,FALSE,Bramble Vest,Prevents enemies from using Life Steal against you.,,,,,35,,,,,,,,,,,,['Armor']
3077,;,,,2,,,,,,,,,,,0.2,,0.6,0.6,1,10,,,,,"['1036', '1006', '1036']",475,TRUE,928,1325,,,"['3074', '3748', '3230']",TRUE,TRUE,TRUE,FALSE,Tiamat,Melee attacks hit nearby enemies,,,,,,,,,,,,25,,,,,"['HealthRegen', 'Damage', 'Active']"
3078,;triforce;tons of damage,,,3,,,,,,,,,,,20,,60,2,2,1.5,,,,,"['3101', '3057', '3044']",333,TRUE,2613,3733,,,['3384'],TRUE,TRUE,TRUE,FALSE,Trinity Force,Tons of Damage,,,,,,,250,,250,,,25,,0.4,,0.05,"['Health', 'Damage', 'AttackSpeed', 'Mana', 'CooldownReduction', 'OnHit', 'NonbootsMovement']"
3080,;bt,,,3,,,,,,,,,,,50,,350,25,0.05,,,,,,"['1038', '1036', '1059']",750,TRUE,2310,3300,,,,FALSE,FALSE,FALSE,FALSE,Space Bloodthirster,"Grants Attack Damage, Life Steal and Life Steal now overheals",,,,,,,,,,,,65,,,,,"['Damage', 'LifeSteal']"
3082,;,,,2,,,,,,,,,,,-0.15,,1,,,,,,,,"['1029', '1029']",400,TRUE,700,1000,,,"['3110', '3143', '3075']",TRUE,TRUE,TRUE,FALSE,Warden's Mail,Slows Attack Speed of enemy champions when receiving basic attacks,,,,,40,,,,,,,,,,,,"['Armor', 'Slow']"
3083,;,,,3,,,,,,,,,,,0.015,,5,0.25,2999,6,-0.1,6,3,3000,"['1011', '3067', '3801']",400,TRUE,1995,2850,,,,TRUE,TRUE,TRUE,FALSE,Warmog's Armor,Grants massive Health and Health Regen,,,,,,,800,,,,,,,,,,"['Health', 'HealthRegen', 'CooldownReduction']"
3084,;,,,3,,,,,,,,,,,300,,5,,,,,,,,"['1011', '3801']",900,TRUE,1785,2550,,,,FALSE,FALSE,FALSE,FALSE,Overlord's Bloodmail,Restores Health on kill or assist,,,,,,,800,,,,,,,,,,"['Health', 'HealthRegen']"
3085,;,,,3,,,,,,,,,,,0,,40,2,0,40,1,,,,"['1042', '3086', '1042']",800,TRUE,1820,2600,,,,TRUE,TRUE,TRUE,FALSE,Runaan's Hurricane,Ranged attacks fire two bolts at nearby enemies,,,,,,0.25,,,,,,,,0.4,,0.07,"['CriticalStrike', 'AttackSpeed', 'OnHit', 'NonbootsMovement']"
3086,;,,,2,,,,,,,,,,,0.05,,,,,,,,,,"['1051', '1042']",500,TRUE,840,1200,,,"['3085', '3094', '3046', '3087', '4403']",TRUE,TRUE,TRUE,FALSE,Zeal,"Slight bonuses to Critical Strike Chance, Movement Speed and Attack Speed",,,,,,0.15,,,,,,,,0.15,,,"['AttackSpeed', 'CriticalStrike', 'NonbootsMovement']"
3087,;,,,3,,,,,,,,,,,100,,80,5,750,60,140,5,,,"['3086', '2015']",800,TRUE,1820,2600,,,,TRUE,TRUE,TRUE,FALSE,Statikk Shiv,Movement builds charges that release chain lightning on basic attack,,,,,,0.25,,,,,,,,0.4,,0.05,"['AttackSpeed', 'CriticalStrike', 'NonbootsMovement', 'OnHit']"
3089,;dc;banksys;hat,,,2,,,,,,,,,,,40,,,,,,,,,,"['1058', '1058']",1100,TRUE,2520,3600,,,['3374'],FALSE,TRUE,TRUE,FALSE,Rabadon's Deathcap,Massively increases Ability Power,,,,,,,,,,120,,,,,,,['SpellDamage']
3090,;hat,,,3,,,,,,,,,,,25,,2.5,120,,,,,,,"['3191', '1058', '2420']",450,TRUE,2380,3400,,,['3385'],TRUE,FALSE,FALSE,FALSE,Wooglet's Witchcap,Massively increases Ability Power and can be activated to enter stasis,,,,,45,,,,,100,,,,,,,"['Active', 'Armor', 'SpellDamage']"
3091,;,,,3,,,,,,,,,,,15,,80,0.5,0.33,1,10,-8.75,,,"['1043', '1057', '1042']",880,TRUE,2030,2900,,,,TRUE,TRUE,TRUE,FALSE,Wit's End,Resist magic damage and claw your way back to life.,,,,,,,,,,,,,50,0.5,,0.05,"['SpellBlock', 'AttackSpeed', 'LifeSteal', 'NonbootsMovement']"
3092,Eye of the Watchers;,,,3,-0.4,5,6,50,90,0.25,2,500,0.5,1,18,10,22,0,3,30,2,1,2,2,"['3098', '1028']",550,TRUE,720,1800,,,,FALSE,TRUE,FALSE,FALSE,Remnant of the Watchers,Provides Ability Power and Stealth Wards over time,,,,,,,200,,,35,,,,,,,"['Health', 'SpellDamage', 'ManaRegen', 'Active', 'GoldPer', 'CooldownReduction']"
3094,;canon;rapidfire;rfc,,,3,,,,,,,,,,,0.35,,150,60,140,5,0.25,,,,"['3086', '2015']",800,TRUE,1820,2600,,,,TRUE,TRUE,TRUE,FALSE,Rapid Firecannon,Movement builds charges that release a sieging fire attack on release,,,,,,0.25,,,,,,,,0.3,,0.05,"['AttackSpeed', 'CriticalStrike', 'NonbootsMovement', 'OnHit']"
3095,;Windblade,,,3,,,,,,,,,,,50,,50,5,0.35,0.4,1.5,,,,"['1038', '1036', '2015']",850,TRUE,2170,3100,,,,TRUE,TRUE,TRUE,FALSE,Stormrazor,Tremendously empower other Energized effects.,,,,,,,,,,,,60,,0.3,,,"['Damage', 'AttackSpeed', 'OnHit']"
3096,Nomad's Eye;,,,2,500,50,0.06,10,10,,,,,,2,,15,50,10,0,0,0,0,0,"['1006', '3301']",300,TRUE,340,850,,,['3069'],FALSE,TRUE,FALSE,FALSE,Nomad's Medallion,Grants gold and mana when nearby minions die that you didn't kill,,,,,,,,,,,,,,,,,"['HealthRegen', 'ManaRegen', 'Active', 'GoldPer', 'CooldownReduction', 'NonbootsMovement']"
3097,Celestial Eye;,,,2,0,500,30,3,0,15,60,0.5,10,,200,,10,1,0,0,0,0,0,1,"['3302', '1006']",300,TRUE,340,850,,,['3401'],FALSE,TRUE,FALSE,FALSE,Targon's Brace,Periodically kill enemy minions to heal and grant gold to a nearby ally,,,,,,,125,,,,,,,,,,"['Aura', 'GoldPer', 'Health', 'HealthRegen']"
3098,Eye of Frost;,,,2,1,0,0,0,0,0,0,500,0.5,0,18,10,22,6,3,30,2,0,0,5,"['3303', '1004']",325,TRUE,340,850,,,['3092'],FALSE,TRUE,FALSE,FALSE,Frostfang,Grants gold when you damage an enemy,,,,,,,,,,20,,,,,,,"['SpellDamage', 'ManaRegen', 'Active', 'GoldPer', 'CooldownReduction']"
3100,;,,,3,,,,,,,,,,,0.75,,0.5,1.5,,,,,,,"['3057', '3113', '1026']",450,TRUE,2240,3200,,,,TRUE,TRUE,TRUE,FALSE,Lich Bane,Grants a bonus to next attack after spell cast,,,,,,,,,250,80,,,,,,0.07,"['SpellDamage', 'Mana', 'CooldownReduction', 'NonbootsMovement']"
3101,;,,,2,,,,,,,,,,,10,,,,,,,,,,"['1042', '1042']",500,TRUE,770,1100,,,"['3115', '3137', '3078']",TRUE,TRUE,TRUE,FALSE,Stinger,Increased Attack Speed and Cooldown Reduction,,,,,,,,,,,,,,0.35,,,"['AttackSpeed', 'CooldownReduction']"
3102,;bv,,,3,,,,,,,,,,,40,,45,10,-0.1,8,2,,,,"['3108', '1033', '1026']",800,TRUE,2100,3000,,,,TRUE,TRUE,TRUE,FALSE,Banshee's Veil,Periodically blocks enemy abilities,,,,,,,,,,75,,,60,,,,"['SpellBlock', 'SpellDamage', 'CooldownReduction']"
3104,lvd;,,,3,,,,,,,,,,,25,,1,0.5,,,,,,,"['3133', '3052']",700,TRUE,2100,3000,,,,TRUE,FALSE,FALSE,FALSE,Lord Van Damm's Pillager,Reduces Armor of nearby enemies,,,,,,,300,,,,,50,,,,,"['Health', 'Damage', 'Aura', 'CooldownReduction', 'OnHit', 'ArmorPenetration']"
3105,;,,,2,,,,,,,,,,,,,,,,,,,,,"['1033', '1029']",350,TRUE,770,1100,,,"['3190', '3005', '3050', '4403']",TRUE,TRUE,TRUE,FALSE,Aegis of the Legion,Grants Armor and Magic Resistance,,,,,30,,,,,,,,30,,,,"['SpellBlock', 'Armor']"
3107,;,,,3,8,3,,,,,,,,,0.1,,10,20,0.1,250,120,550,5500,0.5,"['3114', '3801']",650,TRUE,1470,2100,,,['3382'],TRUE,TRUE,TRUE,FALSE,Redemption,Activate to heal allies and damage enemies in an area,,,,,,,200,,,,,,,,,,"['Health', 'HealthRegen', 'ManaRegen', 'CooldownReduction']"
3108,;,,,2,,,,,,,,,,,-0.1,,,,,,,,,,['1052'],465,TRUE,630,900,,,"['3174', '3115', '3157', '1402', '1414', '3128', '3102', '3905', '4104']",TRUE,TRUE,TRUE,FALSE,Fiendish Codex,Increases Ability Power and Cooldown Reduction,,,,,,,,,,35,,,,,,,"['CooldownReduction', 'SpellDamage']"
3109,;,,,3,,,,,,,,,,,20,,0.15,0.12,0.12,90,0.5,1000,,,"['3067', '1031']",600,TRUE,1540,2200,,,,TRUE,TRUE,TRUE,FALSE,Knight's Vow,Partner with an ally to protect each other,,,,,40,,250,,,,,,,,,,"['Health', 'Armor', 'Aura', 'CooldownReduction', 'NonbootsMovement']"
3110,;fh,,,3,,,,,,,,,,,-0.2,,-0.15,,,,,,,,"['3082', '3024']",800,TRUE,1890,2700,,,,TRUE,TRUE,TRUE,FALSE,Frozen Heart,Massively increases Armor and slows enemy basic attacks,,,,,100,,,,400,,,,,,,,"['Armor', 'Aura', 'CooldownReduction', 'Mana']"
3111,;,,,2,,,,,,,,,,,,,,,,,,,,,"['1001', '1033']",350,TRUE,770,1100,,,,TRUE,TRUE,TRUE,FALSE,Mercury's Treads,Increases Movement Speed and reduces duration of disabling effects,,,,,,,,,,,45,,25,,,,"['Boots', 'SpellBlock', 'Tenacity']"
3112,;,,,,,,,,,,,,,,,,,,,,,,,,,950,TRUE,380,950,,,,FALSE,FALSE,TRUE,FALSE,Guardian's Orb,Good starting item for mages,,,,,,,150,,,35,,,,,,,"['Health', 'SpellDamage', 'ManaRegen', 'Lane']"
3113,;,,,2,,,,,,,,,,,0.05,,,,,,,,,,['1052'],415,TRUE,595,850,,,"['2065', '3100', '3504', '3673', '3905', '3907']",TRUE,TRUE,TRUE,FALSE,Aether Wisp,Increases Ability Power and Movement Speed,,,,,,,,,,30,,,,,,,"['NonbootsMovement', 'SpellDamage']"
3114,;,,,2,,,,,,,,,,,-0.1,,0.05,,,,,,,,"['1004', '1004']",550,TRUE,560,800,,,"['3107', '3222', '3504']",TRUE,TRUE,TRUE,FALSE,Forbidden Idol,"Increases Heal and Shield Power, Mana Regeneration, and Cooldown Reduction",,,,,,,,,,,,,,,,,"['CooldownReduction', 'ManaRegen']"
3115,;,,,3,,,,,,,,,,,,,,,,,,,,,"['3101', '3108']",1000,TRUE,2100,3000,,,,TRUE,TRUE,TRUE,FALSE,Nashor's Tooth,"Increases Attack Speed, Ability Power, and Cooldown Reduction",,,,,,,,,,80,,,,0.5,,,"['AttackSpeed', 'CooldownReduction', 'OnHit', 'SpellDamage']"
3116,;,,,2,,,,,,,,,,,-0.2,,-0.2,-0.2,1,1,1,,,,"['1026', '1052', '1028']",915,TRUE,1820,2600,,,,TRUE,TRUE,TRUE,FALSE,Rylai's Crystal Scepter,Abilities slow enemies,,,,,,,300,,,90,,,,,,,"['Health', 'SpellDamage', 'Slow']"
3117,;,,,2,,,,,,,,,,,0,,0,0,0,0,0,0,25,,['1001'],600,TRUE,630,900,,,,TRUE,TRUE,TRUE,FALSE,Boots of Mobility,Greatly enhances Movement Speed when out of combat,,,,,,,,,,,115,,,,,,['Boots']
3118,;,,,3,,,,,,,,,,,20,,0.15,0.03,0.12,90,0.5,1000,,,"['3067', '1031']",600,TRUE,1540,2200,,,,FALSE,FALSE,FALSE,FALSE,Space Knight's Vow,Partner with an ally to protect each other,,,,,40,,250,,,,,,,,,,"['Health', 'Armor', 'Aura', 'CooldownReduction', 'NonbootsMovement']"
3122,;ie,,,2,,,,,,,,,,,0.6,,3,,,,,,,,"['1051', '1036']",450,TRUE,840,1200,,,['3185'],FALSE,FALSE,FALSE,FALSE,Wicked Hatchet,Critical Strikes cause your target to bleed,,,,,,0.1,,,,,,20,,,,,"['CriticalStrike', 'Damage', 'OnHit']"
3123,;grievous,,,2,,,,,,,,,,,3,,,,,,,,,,['1036'],450,TRUE,560,800,,,['3033'],TRUE,TRUE,TRUE,FALSE,Executioner's Calling,Overcomes enemies with high health gain,,,,,,,,,,,,15,,,,,['Damage']
3124,;,,,3,3,0.15,0,3,,,,,,,0.08,,2.5,2.5,5,6,0.1,0.1,15,1,"['1052', '1043', '1037']",790,TRUE,2170,3100,,,,TRUE,TRUE,TRUE,FALSE,Guinsoo's Rageblade,"Increases Attack Speed, Armor Penetration, and Magic Penetration",,,,,,,,,,25,,25,,0.25,,,"['Damage', 'AttackSpeed', 'SpellDamage', 'OnHit', 'MagicPenetration', 'ArmorPenetration']"
3128,;dfg,,,3,,,,,,,,,,,0,,0.15,0.2,,,,,,,"['1058', '3108']",850,TRUE,2100,3000,,,,FALSE,FALSE,FALSE,FALSE,Deathfire Grasp,Activate to increase all magic damage dealt to an enemy champion,,,,,,,,,,120,,,,,,,"['Active', 'CooldownReduction', 'SpellDamage']"
3131,;sotd;lethality,,,3,,,,,,,,,,,18,,1,3,3,1,90,,,,"['3134', '1042', '1042']",800,TRUE,1750,2500,,,,FALSE,FALSE,FALSE,FALSE,Sword of the Divine,Activate to gain 100% Critical Strike Chance for a short duration,,,,,,,,,,,,25,,0.25,,,"['Damage', 'CriticalStrike', 'AttackSpeed', 'Active', 'ArmorPenetration']"
3133,;,,,2,,,,,,,,,,,-0.1,,,,,,,,,,"['1036', '1036']",400,TRUE,770,1100,,,"['3142', '1400', '3163', '3104', '1412', '3813', '3812', '3147', '3156', '3508', '4102', '3671', '4402']",TRUE,TRUE,TRUE,FALSE,Caulfield's Warhammer,Attack Damage and Cooldown Reduction,,,,0,,,,,,,,25,,,,,"['Damage', 'CooldownReduction']"
3134,;lethality,,,2,,,,,,,,,,,0,,10,0,40,25000,30,,,,"['1036', '1036']",400,TRUE,770,1100,,,"['3142', '3814', '3131', '3147', '4004']",TRUE,TRUE,TRUE,FALSE,Serrated Dirk,Increases Attack Damage and Lethality,,,,0,,,,,,,,25,,,,,"['Damage', 'ArmorPenetration']"
3135,;,,,2,,,,,,,,,,,0.4,,0,0,0,0,0,0,4,,"['1026', '1052']",1365,TRUE,1855,2650,,,,TRUE,TRUE,TRUE,FALSE,Void Staff,Increases magic damage,,,,,,,,,,70,,,,,,,"['MagicPenetration', 'SpellDamage']"
3136,;mask,,,2,,,,,,,,,,,15,,15,1,3,15,33,2,10,5,"['1028', '1052']",665,TRUE,1050,1500,,,['3151'],TRUE,TRUE,TRUE,FALSE,Haunting Guise,Increases magic damage,,,,0,,,200,,,35,,,,,,,"['Health', 'SpellDamage']"
3137,;,,,3,,,,,,,,,,,0.5,,1,90,,,,,,,"['3140', '3101']",300,TRUE,1890,2700,,,,FALSE,FALSE,FALSE,FALSE,Dervish Blade,Activate to remove all debuffs and grant massive Movement Speed,,,,,,,,,,,,,45,0.5,,,"['Active', 'AttackSpeed', 'CooldownReduction', 'NonbootsMovement', 'SpellBlock']"
3139,;,,,3,,,,,,,,,,,0.5,,1,90,,,,,,,"['3140', '1037', '1053']",325,TRUE,2380,3400,,,,TRUE,TRUE,TRUE,FALSE,Mercurial Scimitar,Activate to remove all crowd control debuffs and grant massive Movement Speed,,,,,,,,,,,,50,35,,0.1,,"['SpellBlock', 'Damage', 'LifeSteal', 'Active', 'NonbootsMovement']"
3140,;qss,,,2,,,,,,,,,,,90,,,,,,,,,,['1033'],850,TRUE,910,1300,,,"['3139', '3137', '3231']",TRUE,TRUE,TRUE,FALSE,Quicksilver Sash,Activate to remove all crowd control debuffs,,,,,,,,,,,,,30,,,,"['Active', 'SpellBlock']"
3142,;lethality,,,3,,,,,,,,,,,45,,18,0.2,0,6,40,,,,"['3133', '3134']",700,TRUE,2030,2900,,,['3388'],TRUE,TRUE,TRUE,FALSE,Youmuu's Ghostblade,Activate to greatly increase Movement Speed,,,,,,,,,,,,55,,,,,"['Damage', 'Active', 'CooldownReduction', 'NonbootsMovement', 'ArmorPenetration']"
3143,;,,,3,,,,,,,,,,,2,,0.2,-0.55,1,-0.15,0.15,0.3,,,"['3082', '1011']",900,TRUE,2030,2900,,,,TRUE,TRUE,TRUE,FALSE,Randuin's Omen,"Greatly increases defenses, activate to slow nearby enemies",,,,,70,,400,,,,,,,,,,"['Active', 'Armor', 'Health', 'Slow']"
3144,;,,,3,,,,,,,,,,,-0.25,,2,90,100,,,,,,"['1053', '1036']",350,TRUE,1120,1600,,,"['3146', '3153']",TRUE,TRUE,TRUE,FALSE,Bilgewater Cutlass,Activate to deal magic damage and slow target champion,,,,,,,,,,,,25,,,0.1,,"['Active', 'Damage', 'LifeSteal', 'Slow']"
3145,;,,,2,,,,,,,,,,,0,,50,0,125,40,,,,,"['1052', '1052']",180,TRUE,735,1050,,,"['3146', '3152', '3030', '3148']",TRUE,TRUE,TRUE,FALSE,Hextech Revolver,Increases Ability Power. Deal bonus magic damage on attack periodically.,,,,,,,,,,40,,,,,,,['SpellDamage']
3146,;,,,4,,,,,,,,,,,0.15,,40,175,253,0.4,2,,,,"['3144', '3145']",750,TRUE,2380,3400,,,,TRUE,TRUE,TRUE,FALSE,Hextech Gunblade,"Increases Attack Damage and Ability Power, activate to slow a target",,,,,,,,,,80,,40,,,,,"['Active', 'Damage', 'LifeSteal', 'Slow', 'SpellDamage', 'SpellVamp']"
3147,;lethality,,,3,30,1,150,8,,,,,,,21,,45,150,90,30,150,99,0.25,5,"['3134', '3133']",700,TRUE,2030,2900,,,,TRUE,TRUE,TRUE,FALSE,Duskblade of Draktharr,Deals additional physical damage when ambushing enemies and provides trap and ward detection periodically,,,,,,,,,,,,55,,,,,"['Damage', 'Vision', 'CooldownReduction', 'OnHit', 'ArmorPenetration']"
3148,;,,,4,,,,,,,,,,,0.04,,40,175,253,0.4,2,,,,"['3162', '3145']",750,TRUE,2380,3400,,,,FALSE,FALSE,FALSE,FALSE,Space Hextech Gunblade,"Increases Attack Damage and Ability Power, activate to slow a target",,,,,,,,,,80,,40,,,,,"['Active', 'Damage', 'LifeSteal', 'Slow', 'SpellDamage', 'SpellVamp']"
3149,;brk;bork;bork;bork;botrk,,,4,,,,,,,,,,,0.08,,,,,,,,,,"['3162', '1043']",700,TRUE,2310,3300,,,,FALSE,FALSE,FALSE,FALSE,Space Blade of the Ruined King,"Deals damage based on target's Health, can steal Movement Speed",,,,,,,,,,,,40,,0.25,0.03,,"['Damage', 'AttackSpeed', 'LifeSteal', 'Active', 'Slow', 'OnHit', 'NonbootsMovement']"
3151,;mask,,,3,,,,,,,,,,,15,,0.015,3,100,2,10,2,2.5,,"['3136', '1026']",750,TRUE,2170,3100,,,,TRUE,TRUE,TRUE,FALSE,Liandry's Torment,Spell damage burns enemies for a portion of their Health,,,,0,,,300,,,75,,,,,,,"['Health', 'SpellDamage']"
3152,rocket belt;,,,3,,,,,,,,,,,0.12,,0.04,40,75,150,0.1,0.25,40,0.5,"['3145', '3067']",650,TRUE,1750,2500,,,,TRUE,TRUE,TRUE,FALSE,Hextech Protobelt-01,Activate to dash forward and unleash a fiery explosion,,,,,,,300,,,60,,,,,,,"['Health', 'SpellDamage', 'Active', 'CooldownReduction']"
3153,;brk;bork;bork;bork;botrk,,,4,,,,,,,,,,,0.08,,,,,,,,,,"['3144', '1043']",700,TRUE,2310,3300,,,['3389'],TRUE,TRUE,TRUE,FALSE,Blade of the Ruined King,"Deals damage based on target's Health, can steal Movement Speed",,,,,,,,,,,,40,,0.25,0.12,,"['Damage', 'AttackSpeed', 'LifeSteal', 'Active', 'Slow', 'OnHit', 'NonbootsMovement']"
3155,;,,,2,,,,,,,,,,,0.3,,110,5,90,280,100,10,,,"['1036', '1033']",500,TRUE,910,1300,,,"['3156', '3163']",TRUE,TRUE,TRUE,FALSE,Hexdrinker,Increases Attack Damage and Magic Resist,,,,0,,,,,,,,20,35,,,,"['Damage', 'SpellBlock']"
3156,;,,,3,0.1,,,,,,,,,,0,,35,0.3,350,5,90,20,0,0.1,"['3155', '3133']",850,TRUE,2275,3250,,,,TRUE,TRUE,TRUE,FALSE,Maw of Malmortius,Grants bonus Attack Damage when Health is low,,,,0,,,,,,,,50,50,,,,"['SpellBlock', 'Damage', 'LifeSteal', 'CooldownReduction', 'SpellVamp']"
3157,;zhg;zonyas,,,3,,,,,,,,,,,0,,2.5,120,,,,,,,"['3191', '3108', '2420']",300,TRUE,2030,2900,,,['3386'],FALSE,TRUE,TRUE,FALSE,Zhonya's Hourglass,Activate to become invincible but unable to take actions,,,,,45,,,,,75,,,,,,,"['Armor', 'SpellDamage', 'Active', 'CooldownReduction']"
3158,;,,,2,,,,,,,,,,,-0.1,,0.1,,,,,,,,['1001'],600,TRUE,630,900,,,,TRUE,TRUE,TRUE,FALSE,Ionian Boots of Lucidity,Increases Movement Speed and Cooldown Reduction,,,,,,,,,,,45,,,,,,"['Boots', 'CooldownReduction']"
3161,;,,,3,,,,,,,,,,,0.01,,0,0.5,0.2,6,30,0.2,10,,"['1038', '3067', '1036']",950,TRUE,2380,3400,,,,TRUE,TRUE,TRUE,FALSE,Spear of Shojin,"After casting your ultimate, your basic attacks reduces your remaining non-ultimate cooldowns.",,,,0,,,250,,,,,60,,,,,"['Health', 'Damage', 'CooldownReduction']"
3162,;,,,3,,,,,,,,,,,-0.25,,2,90,100,,,,,,"['1059', '1036']",350,TRUE,1120,1600,,,"['3146', '3153', '3148', '3149']",FALSE,FALSE,FALSE,FALSE,Space Bilgewater Cutlass,Activate to deal magic damage and slow target champion,,,,,,,,,,,,25,,,0.025,,"['Active', 'Damage', 'LifeSteal', 'Slow']"
3163,;,,,3,0.025,,,,,,,,,,0,,35,0.3,350,5,90,20,0,0.025,"['3155', '3133']",850,TRUE,2275,3250,,,,FALSE,FALSE,FALSE,FALSE,Space Maw of Malmortius,Grants bonus Attack Damage when Health is low,,,,0,,,,,,,,50,50,,,,"['SpellBlock', 'Damage', 'LifeSteal', 'CooldownReduction', 'SpellVamp']"
3165,;nmst;grievous,,,3,,,,,,,,,,,15,,40,3,0.2,60,1,50,150,20,"['3916', '1026']",550,TRUE,2100,3000,,,,TRUE,TRUE,TRUE,FALSE,Morellonomicon,Increases magic damage,,,,,,,300,,,70,,,,,,,"['Health', 'SpellDamage', 'MagicPenetration']"
3170,;,,,3,,,,,,,,,,,,,,,,,,,,,"['3191', '1057']",580,TRUE,1680,2400,,,,TRUE,FALSE,FALSE,FALSE,Moonflair Spellblade,Improves defense and reduces duration of disabling effects,,,,,50,,,,,50,,,50,,,,"['Armor', 'SpellBlock', 'SpellDamage', 'Tenacity']"
3172,;,,,2,,,,,,,,,,,,,,,,,,,,,"['1038', '1042', '1042']",900,TRUE,1960,2800,,,,FALSE,FALSE,FALSE,FALSE,Zephyr,Mobility and Tenacity,,,,,,,,,,,,50,,0.4,,0.1,"['Damage', 'AttackSpeed', 'NonbootsMovement', 'Tenacity']"
3173,;,,,2,,,,,,,,,,,-0.1,,0.1,,,,,,,,['1001'],600,TRUE,630,900,,,,FALSE,FALSE,FALSE,FALSE,Space Boots of Lucidity,Increases Movement Speed and Cooldown Reduction,,,,,,,,,,,45,,,,,,"['Boots', 'CooldownReduction']"
3174,;,,,3,1,0.25,600,8,90,,,,,,10,,0,0,0,5,0.35,100,250,1,"['3108', '3028']",400,TRUE,1470,2100,,,,TRUE,TRUE,TRUE,FALSE,Athene's Unholy Grail,Deal damage to empower your heals and shields,,,,,,,,,,30,,,30,,,,"['SpellBlock', 'HealthRegen', 'SpellDamage', 'ManaRegen', 'CooldownReduction']"
3175,,,,,,,,,,,,,,,25,,125,5,180,90,,,,,,0,FALSE,0,0,TRUE,FALSE,,FALSE,TRUE,FALSE,FALSE,Head of Kha'Zix,,,Rengar,3169,,,,,,,,,,,,,,"['Active', 'Trinket', 'Vision']"
3181,;,,,3,,,,,,,,,,,6,,0.01,8,5,,,,,,"['1037', '1053']",625,TRUE,1680,2400,,,,FALSE,FALSE,FALSE,FALSE,Sanguine Blade,Greatly increases Attack Damage and Life Steal,,,,,,,,,,,,45,,,0.1,,"['Damage', 'LifeSteal']"
3184,;dblade,,,,,,,,,,,,,,,,,,,,,,,,,950,TRUE,380,950,,,,FALSE,FALSE,TRUE,FALSE,Guardian's Hammer,Good starting item for attackers,,,,,,,150,,,,,20,,,0.1,,"['Health', 'Damage', 'LifeSteal', 'Lane']"
3185,;lb,,,3,,,,,,,,,,,0.9,,3,0,5,3,60,,,,"['3122', '1018']",350,TRUE,1645,2350,,,,FALSE,FALSE,FALSE,FALSE,Lightbringer,Critical Strikes cause your target to bleed and be revealed,,,,,,0.3,,,,,,30,,,,,"['Active', 'CriticalStrike', 'Damage', 'OnHit', 'Stealth', 'Vision']"
3187,;,,,3,,,,,,,,,,,-0.2,,0,0,5,3,60,,,,"['3024', '3067']",350,TRUE,1435,2050,,,,FALSE,FALSE,FALSE,FALSE,Arcane Sweeper,Activate to reveal a nearby area of the map,,,,,25,,225,,250,,,,,,,,"['Active', 'Armor', 'CooldownReduction', 'Health', 'Mana', 'Stealth', 'Vision']"
3190,;,,,3,,,,,,,,,,,120,,10,2.5,0.25,20,120,0.2,,,"['3105', '1033']",650,TRUE,1540,2200,,,['3383'],TRUE,TRUE,TRUE,FALSE,Locket of the Iron Solari,Activate to shield nearby allies from damage,,,,,30,,,,,,,,60,,,,"['SpellBlock', 'Armor', 'Active']"
3191,;,,,2,,,,,,,,,,,0.5,,30,,,,,,,,"['1029', '1052', '1029']",65,TRUE,770,1100,,,"['3090', '3170', '3157']",TRUE,TRUE,TRUE,FALSE,Seeker's Armguard,Increases Armor and Ability Power,,,,,30,,,,,20,,,,,,,"['Armor', 'SpellDamage']"
3193,;,,,3,90,1,,,,,,,,,40,,850,3,4,0.6,0.4,0.07,1,0.25,"['1031', '1057', '2420']",380,TRUE,1750,2500,,,,TRUE,TRUE,TRUE,FALSE,Gargoyle Stoneplate,Greatly increases defense near multiple enemies.,,,,,40,,,,,,,,40,,,,"['Health', 'SpellBlock', 'Armor']"
3194,;,,,3,,,,,,,,,,,20,,4,25,,,,,,,"['1033', '3211', '1006']",1000,TRUE,1960,2800,,,,TRUE,TRUE,TRUE,FALSE,Adaptive Helm,Reduces damage from repeated spells and effects.,,,,,,,350,,,,,,55,,,,"['Health', 'SpellBlock', 'HealthRegen', 'CooldownReduction']"
3196,;viktor,,,2,,,,,,,,,,,3,,15,,,,,,,,['3200'],1150,TRUE,805,1150,,,['3197'],TRUE,TRUE,TRUE,FALSE,Hex Core mk-1,Allows Viktor to improve an ability of his choice,,Viktor,,,,,,,,,,,,,,,"['Mana', 'SpellDamage']"
3197,;viktor,,,3,,,,,,,,,,,6,,20,,,,,,,,['3196'],1000,TRUE,1505,2150,,,['3198'],TRUE,TRUE,TRUE,FALSE,Hex Core mk-2,Allows Viktor to improve an ability of his choice,,Viktor,,,,,,,,,,,,,,,"['Mana', 'SpellDamage']"
3198,;viktor,,,4,,,,,,,,,,,10,,25,,,,,,,,['3197'],850,TRUE,2100,3000,,,,TRUE,TRUE,TRUE,FALSE,Perfect Hex Core,Allows Viktor to improve an ability of his choice,,Viktor,,,,,,,,,,,,,,,"['Mana', 'SpellDamage']"
3200,;viktor,,,,,,,,,,,,,,1,,10,,,,,,,,,0,FALSE,0,0,,FALSE,['3196'],TRUE,TRUE,TRUE,FALSE,Prototype Hex Core,Increases Ability Power and can be upgraded to improve Viktor's abilities,,Viktor,,,,,,,,,,,,,,,[]
3211,;hat,,,2,,,,,,,,,,,1.5,,10,,,,,,,,"['1028', '1033']",350,TRUE,840,1200,,,"['3065', '3194']",TRUE,TRUE,TRUE,FALSE,Spectre's Cowl,Improves defense and grants regeneration upon being damaged,,,,,,,250,,,,,,25,,,,"['Health', 'HealthRegen', 'SpellBlock']"
3222,;,,,3,0.4,0.2,2,120,,,,,,,2,,5,0.5,0.25,600,8,90,1,1,"['3028', '3114']",500,TRUE,1470,2100,,,,TRUE,TRUE,TRUE,FALSE,Mikael's Crucible,Activate to remove all disabling effects from an allied champion,,,,,,,,,,,,,40,,,,"['SpellBlock', 'HealthRegen', 'ManaRegen', 'Active', 'CooldownReduction']"
3230,;,,,3,,,,,,,,,,,0.2,,0.6,0.6,1,10,,,,,"['3077', '1059', '1037']",400,TRUE,2450,3500,,,,FALSE,FALSE,FALSE,FALSE,Space Ravenous Hydra,"Melee attacks hit nearby enemies, dealing damage and restoring Health",,,,,,,,,,,,80,,,0.03,,"['Active', 'Damage', 'HealthRegen', 'LifeSteal', 'OnHit']"
3231,;,,,3,,,,,,,,,,,0.5,,1,90,,,,,,,"['3140', '1037', '1059']",325,TRUE,2380,3400,,,,FALSE,FALSE,FALSE,FALSE,Space Mercurial Scimitar,Activate to remove all crowd control debuffs and grant massive Movement Speed,,,,,,,,,,,,50,35,,0.025,,"['SpellBlock', 'Damage', 'LifeSteal', 'Active', 'NonbootsMovement']"
3285,;,,,3,,,,,,,,,,,100,,100,4,0.1,35,10,0,0,-0.1,"['3802', '1026']",1050,TRUE,2240,3200,,,['3390'],TRUE,TRUE,TRUE,FALSE,Luden's Echo,"Increases Ability Power, Mana, and Cooldown Reduction",,,,,,,,,600,90,,,,,,,"['SpellDamage', 'Mana', 'CooldownReduction', 'OnHit']"
3301,;,,,,500,50,0.06,10,10,,,,,,28,,10,2,5,0,0,0,0,0,,400,TRUE,160,400,,,['3096'],FALSE,TRUE,FALSE,FALSE,Ancient Coin,Grants gold and mana when nearby minions die that you didn't kill,,,,,,,,,,,,,,,,,"['ManaRegen', 'GoldPer', 'CooldownReduction', 'NonbootsMovement', 'Lane']"
3302,;,,,,0,500,40,2,0,5,30,0.5,10,,195,,5,1,0,0,0,0,0,1,,400,TRUE,160,400,,,['3097'],FALSE,TRUE,FALSE,FALSE,Relic Shield,Kill minions periodically to heal and grant gold to a nearby ally,,,,,,,50,,,,,,,,,,"['Aura', 'GoldPer', 'Health', 'Lane']"
3303,;,,,,0,0,0,0,0,0,0,500,0.5,1,13,10,11,6,3,30,2,0,0,0,,400,TRUE,160,400,,,['3098'],FALSE,TRUE,FALSE,FALSE,Spellthief's Edge,Grants gold when you damage enemies,,,,,,,,,,10,,,,,,,"['GoldPer', 'Lane', 'ManaRegen', 'SpellDamage']"
3304,;,,,,750,50,0.06,10,5,,,,,,28,,10,2,0,0,0,0,0,0,,400,TRUE,160,400,,,['3305'],TRUE,FALSE,FALSE,FALSE,Timeworn Ancient Coin,Grants gold and mana when nearby minions die that you didn't kill,,,,,,,,,,,,,,,,,"['ManaRegen', 'GoldPer', 'CooldownReduction', 'Lane']"
3305,;,,,2,750,50,0.06,10,10,,,,,,2,,15,50,10,0,0,0,0,0,"['1006', '3304']",300,TRUE,340,850,,,['3306'],TRUE,FALSE,FALSE,FALSE,Timeworn Nomad's Medallion,Grants gold and mana when nearby minions die that you didn't kill,,,,,,,,,,,,,,,,,"['HealthRegen', 'ManaRegen', 'Active', 'GoldPer', 'CooldownReduction']"
3306,;shurelya;reverie,,,3,750,50,0.06,10,10,,,,,,-0.1,,2,15,25,0.4,3,60,20,2,"['3305', '2053']",450,TRUE,880,2200,,,,TRUE,FALSE,FALSE,FALSE,Timeworn Talisman of Ascension,Increases Health / Mana Regeneration and Cooldown Reduction. Activate to speed up nearby allies.,,,,,45,,,,,,,,,,,,"['HealthRegen', 'Armor', 'ManaRegen', 'Active', 'GoldPer', 'CooldownReduction', 'NonbootsMovement']"
3307,;,,,,0,750,40,2,0,5,30,0.5,10,,195,,5,2,0,0,0,0,0,2,,400,TRUE,160,400,,,['3308'],TRUE,FALSE,FALSE,FALSE,Timeworn Relic Shield,Kill minions periodically to heal and grant gold to a nearby ally,,,,,,,50,,,,,,,,,,"['Aura', 'GoldPer', 'Health', 'Lane']"
3308,;,,,2,0,750,30,3,0,10,60,0.5,10,,200,,10,2,0,0,0,0,0,4,"['3307', '1006']",300,TRUE,340,850,,,['3309'],TRUE,FALSE,FALSE,FALSE,Timeworn Targon's Brace,Periodically kill enemy minions to heal and grant gold to a nearby ally,,,,,,,125,,,,,,,,,,"['Aura', 'GoldPer', 'Health', 'HealthRegen']"
3309,;,,,3,0,750,20,4,0,20,90,0.5,10,,320,,15,0.1,4,-0.4,2,60,120,4,"['3308', '3067']",450,TRUE,840,2100,,,,TRUE,FALSE,FALSE,FALSE,Timeworn Face of the Mountain,Shield an ally from damage based on your Health,,,,,,,350,,,,,,,,,,"['Health', 'HealthRegen', 'Active', 'GoldPer', 'CooldownReduction', 'Slow']"
3310,;,,,,0,0,0,0,0,0,0,750,0.5,0,13,10,11,6,3,30,2,0,0,0,,400,TRUE,160,400,,,['3311'],TRUE,FALSE,FALSE,FALSE,Timeworn Spellthief's Edge,Grants gold when you damage enemies,,,,,,,,,,10,,,,,,,"['GoldPer', 'Lane', 'ManaRegen', 'SpellDamage']"
3311,;,,,2,1,0,0,0,0,0,0,750,0.5,1,18,10,22,6,3,30,2,0,0,5,"['3310', '1004']",325,TRUE,340,850,,,['3312'],TRUE,FALSE,FALSE,FALSE,Timeworn Frostfang,Grants gold when you damage an enemy,,,,,,,,,,20,,,,,,,"['SpellDamage', 'ManaRegen', 'Active', 'GoldPer', 'CooldownReduction']"
3312,spooky ghosts;,,,3,-0.4,5,6,50,90,0.25,2,750,0.5,1,18,10,22,0,3,30,2,1,2,2,"['3311', '1026']",500,TRUE,880,2200,,,,TRUE,FALSE,FALSE,FALSE,Timeworn Frost Queen's Claim,Sends out seeking wraiths that track hidden enemies and slow them,,,,,,,,,,60,,,,,,,"['Active', 'CooldownReduction', 'GoldPer', 'ManaRegen', 'Slow', 'SpellDamage']"
3340,yellow; totem; trinket,,,,,,,,,,,,,,90,,240,120,120,2,9,30,120,,,0,TRUE,0,0,,,,FALSE,TRUE,FALSE,FALSE,Warding Totem (Trinket),Periodically place a Stealth Ward,,,,,,,,,,,,,,,,,"['Active', 'Jungle', 'Lane', 'Trinket', 'Vision']"
3345,,,,,,,,,,,,,,,,,,,,,,,,,,0,FALSE,0,0,,FALSE,,FALSE,FALSE,FALSE,FALSE,Soul Anchor (Trinket),Consumes charge to revive champion.,,,,,,,,,,,,,,,,,"['Active', 'Trinket', 'Vision']"
3348,;,,,,,,,,,,,,,,0,,0,0,5,3,90,,,,,0,FALSE,0,0,,FALSE,,TRUE,FALSE,FALSE,FALSE,Arcane Sweeper,Activate to reveal a nearby area of the map,,,,,,,,,,,,,,,,,"['Vision', 'Trinket', 'Stealth', 'Active']"
3361,yellow;,,,,,,,,,,,,,,180,,60,0,0,0,9,30,120,,,250,FALSE,175,250,,FALSE,,FALSE,TRUE,FALSE,FALSE,Greater Stealth Totem (Trinket),Periodically place a Stealth Ward,,,,,,,,,,,,,,,,,"['Active', 'Trinket', 'Vision']"
3362,yellow;,,,,,,,,,,,,,,120,,0,0,0,0,9,30,120,,,250,FALSE,175,250,,FALSE,,FALSE,TRUE,FALSE,FALSE,Greater Vision Totem (Trinket),Periodically place a Vision Ward,,,,,,,,,,,,,,,,,"['Active', 'Trinket', 'Vision']"
3363,blue; totem; trinket,,,,198,99,60,180,10,45,,,,,4000,,2,5,198,60,9,30,120,6.5,,0,TRUE,0,0,,,,FALSE,TRUE,TRUE,FALSE,Farsight Alteration,Grants increased range and reveals the targetted area,,,,,,,,,,,,,,,,,"['Active', 'Trinket', 'Vision']"
3364,red; lens; trinket,,,,,,,,,,,,,,6,,10,90,60,0,1,30,120,60,,0,TRUE,0,0,,,,FALSE,TRUE,TRUE,FALSE,Oracle Lens,Disables nearby invisible wards and traps for a duration,,,,,,,,,,,,,,,,,"['Active', 'Trinket', 'Vision']"
3371,;ie;Ornn;forge;Masterwork,,,3,,,,,,,,,,,2.25,,,,,,,,,,['3031'],0,TRUE,2380,3400,,,,TRUE,TRUE,TRUE,FALSE,Molten Edge,Massively enhances critical strikes,Ornn,,,,,0.25,,,,,,110,,,,,"['Damage', 'CriticalStrike']"
3373,;Ornn;forge;Masterwork,,,4,,,,,,,,,,,25,,1,0.5,,,,,,,['3068'],0,TRUE,1925,2750,,,,TRUE,TRUE,TRUE,FALSE,Forgefire Cape,Constantly deals damage to nearby enemies,Ornn,,,,100,,750,,,,,,,,,,"['Health', 'Armor']"
3374,;dc;banksys;hat;Ornn;forge;Masterwork,,,3,,,,,,,,,,,40,,,,,,,,,,['3089'],0,TRUE,2520,3600,,,,FALSE,TRUE,TRUE,FALSE,Rabadon's Deathcrown,Massively increases Ability Power,Ornn,,,,,,,,,175,,,,,,,['SpellDamage']
3379,;Ornn;forge;Masterwork,,,4,,,,,,,,,,,-10,,-25,0.15,25,0.2,0.15,,,,['3001'],0,TRUE,2100,3000,,,,TRUE,TRUE,TRUE,FALSE,Infernal Mask,Nearby enemies take more magic damage,Ornn,,,,,,750,,300,,,,100,,,,"['Health', 'SpellBlock', 'HealthRegen', 'Mana', 'ManaRegen', 'Aura', 'CooldownReduction', 'MagicPenetration']"
3380,;bc;Ornn;forge;Masterwork,,,4,0.01,,,,,,,,,,-0.2,,0.04,6,6,0.24,20,2,60,2,['3071'],0,TRUE,2100,3000,,,,TRUE,TRUE,TRUE,FALSE,Obsidian Cleaver,Dealing physical damage to enemy champions reduces their Armor,Ornn,,,,,,550,,,,,60,,,,,"['ArmorPenetration', 'CooldownReduction', 'Damage', 'Health', 'NonbootsMovement', 'OnHit']"
3382,;Ornn;forge;Masterwork,,,4,8,3,,,,,,,,,0.1,,10,20,0.1,250,120,550,5500,0.5,['3107'],0,TRUE,1470,2100,,,,TRUE,TRUE,TRUE,FALSE,Salvation,Activate to heal allies and damage enemies in an area,Ornn,,,,,,300,,,,,,,,,,"['Health', 'HealthRegen', 'ManaRegen', 'CooldownReduction']"
3383,;Ornn;forge;Masterwork,,,4,,,,,,,,,,,120,,10,2.5,0.25,20,120,0.2,,,['3190'],0,TRUE,1540,2200,,,,TRUE,TRUE,TRUE,FALSE,Circlet of the Iron Solari,Activate to shield nearby allies from damage,Ornn,,,,45,,,,,,,,75,,,,"['SpellBlock', 'Armor', 'Active']"
3384,;triforce;tons of damage;Ornn;forge;Masterwork,,,4,,,,,,,,,,,20,,60,2,2,1.5,,,,,['3078'],0,TRUE,2613,3733,,,,TRUE,TRUE,TRUE,FALSE,Trinity Fusion,Tons of Damage,Ornn,,,,,,350,,350,,,35,,0.5,,0.08,"['Health', 'Damage', 'AttackSpeed', 'Mana', 'CooldownReduction', 'OnHit', 'NonbootsMovement']"
3385,;hat;Ornn;Forge,,,4,,,,,,,,,,,25,,2.5,120,,,,,,,['3090'],0,TRUE,2380,3400,,,,TRUE,FALSE,FALSE,FALSE,Wooglet's Witchcrown,Massively increases Ability Power and can be activated to enter stasis,Ornn,,,,45,,,,,155,,,,,,,"['Active', 'Armor', 'SpellDamage']"
3386,;zhg;zonyas;ornn;forge,,,4,,,,,,,,,,,0,,2.5,120,,,,,,,['3157'],0,TRUE,2030,2900,,,,FALSE,TRUE,TRUE,FALSE,Zhonya's Paradox,Activate to become invincible but unable to take actions,Ornn,,,,60,,,,,100,,,,,,,"['Armor', 'SpellDamage', 'Active', 'CooldownReduction']"
3387,;frozen fist;Ornn,,,4,,,,,,,,,,,-0.2,,1,2,-0.3,1.5,,,,,['3025'],0,TRUE,1890,2700,,,,TRUE,TRUE,TRUE,FALSE,Frozen Fist,Basic attacks create a slow field after spell cast,Ornn,,,,125,,,,700,,,,,,,,"['Armor', 'Mana', 'CooldownReduction', 'Slow']"
3388,;lethality;Ornn,,,4,,,,,,,,,,,45,,25,0.2,0,6,40,,,,['3142'],0,TRUE,2030,2900,,,,TRUE,TRUE,TRUE,FALSE,Youmuu's Wraithblade,Activate to greatly increase Movement Speed,Ornn,,,,,,,,,,,75,,,,,"['Damage', 'Active', 'CooldownReduction', 'NonbootsMovement', 'ArmorPenetration']"
3389,;brk;bork;bork;bork;botrk;Ornn,,,5,,,,,,,,,,,0.08,,,,,,,,,,['3153'],0,TRUE,2310,3300,,,,TRUE,TRUE,TRUE,FALSE,Might of the Ruined King,"Deals damage based on target's Health, can steal Movement Speed",Ornn,,,,,,,,,,,55,,0.4,0.12,,"['Damage', 'AttackSpeed', 'LifeSteal', 'Active', 'Slow', 'OnHit', 'NonbootsMovement']"
3390,;Ornn,,,4,,,,,,,,,,,100,,100,4,0.1,35,10,0,0,-0.1,['3285'],0,TRUE,2240,3200,,,,TRUE,TRUE,TRUE,FALSE,Luden's Pulse,"Increases Ability Power, Mana, and Cooldown Reduction",Ornn,,,,,,,,850,120,,,,,,,"['SpellDamage', 'Mana', 'CooldownReduction', 'OnHit']"
3400,,,TRUE,,,,,,,,,,,,,,,,,,,,,,,0,FALSE,0,0,TRUE,FALSE,,TRUE,TRUE,TRUE,FALSE,'Your Cut',,,,,,,,,,,,,,,,,,"['Consumable', 'GoldPer']"
3401,Eye of the Aspect;,,,3,0,500,20,4,0,30,90,0.5,10,,320,,15,0.1,4,-0.4,2,60,120,1,"['3097', '1028']",550,TRUE,720,1800,,,,FALSE,TRUE,FALSE,FALSE,Remnant of the Aspect,Provides Health and Stealth Wards over time,,,,,,,350,,,,,,,,,,"['Health', 'HealthRegen', 'Active', 'GoldPer', 'CooldownReduction']"
3410,,,,,,,,,,,,,,,25,,125,5,6,10,60,,,,,0,FALSE,0,0,TRUE,FALSE,,FALSE,TRUE,FALSE,FALSE,Head of Kha'Zix,,,Rengar,3169,,,,,,,,,,,,,,"['Active', 'Trinket', 'Vision']"
3416,,,,,,,,,,,,,,,25,,125,5,4000,2,5,90,,,,0,FALSE,0,0,TRUE,FALSE,,FALSE,TRUE,FALSE,FALSE,Head of Kha'Zix,,,Rengar,3169,,,,,,,,,,,,,,"['Active', 'Trinket', 'Vision']"
3422,,,,,,,,,,,,,,,25,,125,5,,,,,,,,0,FALSE,0,0,TRUE,FALSE,,TRUE,FALSE,TRUE,FALSE,Head of Kha'Zix,,,Rengar,3169,,,,,,,,,,,,,,"['Active', 'Trinket', 'Vision']"
3455,,,,,,,,,,,,,,,25,,125,5,,,,,,,,0,FALSE,0,0,TRUE,FALSE,,TRUE,TRUE,TRUE,FALSE,Head of Kha'Zix,,,Rengar,3169,,,,,,,,,,,,,,"['Active', 'Trinket', 'Vision']"
3460,,,,,,,,,,,,,,,,,,,,,,,,,,0,FALSE,0,0,,FALSE,,FALSE,FALSE,FALSE,FALSE,Golden Transcendence,,,,,,,,,,,,,,,,,,"['Active', 'Trinket']"
3461,,,,,,,,,,,,,,,,,,,,,,,,,,0,FALSE,0,0,,FALSE,,FALSE,FALSE,FALSE,FALSE,Golden Transcendence (Disabled),,,,,,,,,,,,,,,,,,"['Active', 'Trinket']"
3462,blue;,,,,,,,,,,,,,,2500,,60,3,5,550,,,,,,0,FALSE,0,0,,FALSE,,FALSE,FALSE,FALSE,FALSE,Seer Stone (Trinket),Briefly reveals a nearby targeted area,,,,,,,,,,,,,,,,,"['Active', 'Trinket', 'Vision']"
3504,,,,3,,,,,,,,,,,0.08,,0.1,6,5,0.1,0.3,20,,,"['3114', '3113']",650,TRUE,1610,2300,,,,TRUE,TRUE,TRUE,FALSE,Ardent Censer,Shield and heal effects on other units grant both of you Attack Speed and their attacks deal additional on-hit magic damage.,,,,,,,,,,60,,,,,,,"['CooldownReduction', 'ManaRegen', 'NonbootsMovement', 'SpellDamage']"
3508,;,,,3,,,,,,,,,,,0.015,,0.2,0.5,0.2,6,30,0.2,10,,"['1038', '3133', '1018']",100,TRUE,2310,3300,,,,TRUE,TRUE,TRUE,FALSE,Essence Reaver,"Grants Critical Strike Chance, Cooldown Reduction, Attack Damage and restores mana on hit.",,,,,,0.25,,,,,,70,,,,,"['Damage', 'CriticalStrike', 'Mana', 'ManaRegen', 'CooldownReduction']"
3512,;Void Gate,,,3,20,2,100,20,50,2,,,,,20,,4,50,0,120,120,0.5,0.15,3,"['2053', '1057']",1080,TRUE,1890,2700,,,,FALSE,TRUE,FALSE,FALSE,Zz'Rot Portal,Makes a Voidspawn generating Void Gate to push a lane with.,,,,,55,,,,,,,,55,,,,"['SpellBlock', 'HealthRegen', 'Armor', 'Active', 'NonbootsMovement']"
3513,;Herald's Eye,,TRUE,,,,,,,,,,,,240,,3.5,40,,,,,,,,0,FALSE,0,0,,FALSE,,FALSE,FALSE,FALSE,FALSE,Eye of the Herald,Eye of the Herald - a Gift of the Void.,,,,,,,,,,,,,,,,,"['Trinket', 'Active']"
3514,;Herald's Eye,,TRUE,,,,,,,,,,,,240,,3.5,40,,,,,,,,0,FALSE,0,0,,FALSE,,FALSE,FALSE,FALSE,FALSE,Eye of the Herald,Eye of the Herald - a Gift of the Void.,,,,,,,,,,,,,,,,,"['Trinket', 'Active']"
3520,,,TRUE,,,,,,,,,,,,240,,3.5,42,,,,,,,,0,FALSE,0,0,,FALSE,,FALSE,FALSE,FALSE,FALSE,Ghost Poro,,,,,,,,,,,,,,,,,,"['Vision', 'Trinket', 'Active']"
3599,;spear,,,,,,,,,,,,,,,,,,,,,,,,,0,TRUE,0,0,,,,TRUE,TRUE,TRUE,FALSE,Black Spear,Kalista's spear that binds an Oathsworn Ally.,,Kalista,,,,,,,,,,,,,,,['Active']
3600,;spear,,,,,,,,,,,,,,,,,,,,,,,,,0,TRUE,0,0,,,,TRUE,TRUE,TRUE,FALSE,Black Spear,Kalista's spear that binds an Oathsworn Ally.,,Sylas,,,,,,,,,,,,,,,['Active']
3630,,,,,,,,,,,,,,,,,,,,,,,,,,10,FALSE,7,10,,FALSE,,FALSE,FALSE,FALSE,FALSE,Siege Teleport,,,,,,,,,,,,,,,,,,[]
3631,,TRUE,TRUE,,,,,,,,,,,,5,,5,20,3,0,2200,10,0,0.5,,0,TRUE,0,0,,,,FALSE,TRUE,FALSE,FALSE,Siege Ballista,Place a long range anti-turret ballista,,,,,,,,,,,,,,,,,[]
3633,,,,,,,,,,,,,,,,,,,,,,,,,,10,FALSE,7,10,,FALSE,,FALSE,FALSE,FALSE,FALSE,Siege Teleport,,,,,,,,,,,,,,,,,,[]
3634,,TRUE,TRUE,,76,,,,,,,,,,3,,1.5,3000,0,30,0.2,15,0.3,0,,0,TRUE,0,0,,,,FALSE,TRUE,FALSE,FALSE,Tower: Beam of Ruination,Attaches a three shot beam to a turret which can then be aimed and fired,,,,,,,,,,,,,,,,,[]
3635,,TRUE,TRUE,,,,,,,,,,,,4,,1000,3,10,,,,,,,0,TRUE,0,0,,,,FALSE,TRUE,FALSE,FALSE,Port Pad,Creates another point for your team to Teleport to,,,,,,,,,,,,,,,,,[]
3636,,TRUE,TRUE,,,,,,,,,,,,6,,15,650,825,1.2,,,,,,0,TRUE,0,0,,,,FALSE,TRUE,FALSE,FALSE,Tower: Storm Bulwark,Make a turret go invulnerable while charging a powerful barrage,,,,,,3,,,,,,,,,,,[]
3637,,,,,,,,,,,,,,,,,,,,,,,,,,10,FALSE,7,10,,FALSE,,FALSE,FALSE,FALSE,FALSE,Nexus Siege: Siege Weapon Slot,,,,,,,,,,,,,,,,,,[]
3640,,TRUE,TRUE,,,,,,,,,,,,1,,5,,,,,,,,,0,TRUE,0,0,,,,FALSE,TRUE,FALSE,FALSE,Flash Zone,Allows you and allies to repeatedly flash while in a zone,,,,,,,,,,,,,,,,,[]
3641,,,TRUE,,,,,,,,,,,,0,,0.5,50,100,5,0.3,2,10,1400,,0,TRUE,0,0,,,,FALSE,TRUE,FALSE,FALSE,Vanguard Banner,Strengthens nearby minions,,,,,,,,,,,,,,,,,[]
3642,,TRUE,TRUE,,,,,,,,,,,,1,,,,,,,,,,,0,TRUE,0,0,,,,FALSE,TRUE,FALSE,FALSE,Siege Refund,Refunds all current Siege Weapons,,,,,,,,,,,,,,,,,[]
3643,,TRUE,TRUE,,,,,,,,,,,,5,,600,25,,,,,,,,0,TRUE,0,0,,,,FALSE,TRUE,FALSE,FALSE,Entropy Field,Places a field that stuns enemy minions and slows champions,,,,,,,,,,,,,,,,,[]
3645,blue;,,,,,,,,,,,,,,1400,,60,3,5,550,,,,,,0,FALSE,0,0,,FALSE,,FALSE,TRUE,FALSE,FALSE,Seer Stone (Trinket),Briefly reveals a nearby targeted area,,,,,,,,,,,,,,,,,"['Active', 'Trinket', 'Vision']"
3647,,,TRUE,,,,,,,,,,,,2,,3,2,1,1000,0.25,10,1,4,,0,TRUE,0,0,,,,FALSE,TRUE,FALSE,FALSE,Shield Totem,Grants bonus health to nearby Siege Weapons,,,,,,,,,,,,,,,,,[]
3648,,,,,,,,,,,,,,,,,,,,,,,,,,0,FALSE,0,0,,FALSE,,FALSE,TRUE,FALSE,FALSE,Siege Teleport (Inactive),,,,,,,,,,,,,,,,,,[]
3649,,,,,,,,,,,,,,,30,,,,,,,,,,,0,FALSE,0,0,,FALSE,,FALSE,TRUE,FALSE,FALSE,Siege Sight Warder,,,,,,,,,,,,,,,,,,[]
3671,;,,,3,,,,,,,,,,,,,,,,,,,,,['3133'],525,TRUE,1138,1625,TRUE,,,TRUE,TRUE,TRUE,FALSE,Enchantment: Warrior,,,,,,,,,,,,,60,,,,,[]
3672,;,,,3,,,,,,,,,,,,,,,,,,,,,['3751'],525,TRUE,998,1425,TRUE,,,TRUE,TRUE,TRUE,FALSE,Enchantment: Cinderhulk,,,,,,,,325,,,,,,,,,,[]
3673,;,,,3,,,,,,,,,,,,,,,,,,,,,"['3113', '1052']",340,TRUE,1138,1625,TRUE,,,TRUE,TRUE,TRUE,FALSE,Enchantment: Runic Echoes,,,,,,,,,,,60,,,,,,0.07,[]
3675,;,,,3,,,,,,,,,,,,,,,,,,,,,['1043'],625,TRUE,1138,1625,TRUE,,,TRUE,TRUE,TRUE,FALSE,Enchantment: Bloodrazor,,,,,,,,,,,,,,,0.5,,,[]
3680,,,,,,,,,,,,,,,5,,120,40,15,250,213,775,85,310,,0,TRUE,0,0,,,,FALSE,FALSE,TRUE,FALSE,Frosted Snax,King: Fires a barrage of icy artillery,,,,,,,,,,,,,,,,,"['Trinket', 'Lane']"
3681,,,,,,,,,,,,,,,4,,120,700,2.35,560,705,1479,,,,0,TRUE,0,0,,,,FALSE,FALSE,TRUE,FALSE,Super Spicy Snax,King: Shoots flames that burn units and Turrets,,,,,,,,,,,,,,,,,"['Trinket', 'Lane']"
3682,,,,,500,,,,,,,,,,1.8,,30,10,10,20,4,600,40,190,,0,TRUE,0,0,,,,FALSE,FALSE,TRUE,FALSE,Espresso Snax,King: Knocks back and grants a large shield,,,,,,,,,,,,,,,,,"['Trinket', 'Lane']"
3683,,,,,680,2,,,,,,,,,6,,120,140,30,1,1500,1650,1000,230,,0,TRUE,0,0,,,,FALSE,FALSE,TRUE,FALSE,Rainbow Snax Party Pack!,King: Poros knock enemies towards him,,,,,,,,,,,,,,,,,"['Trinket', 'Lane']"
3690,;,,,,,,,,,,,,,,,,,,,,,,,,,0,TRUE,0,0,,,,FALSE,FALSE,FALSE,FALSE,Cosmic Shackle,,,,,,,,,,,,,,,,,,[]
3691,;,,,,,,,,,,,,,,,,,,,,,,,,,0,TRUE,0,0,,,,FALSE,FALSE,FALSE,FALSE,Singularity Lantern,,,,,,,,,,,,,,,,,,[]
3692,;,,,,,,,,,,,,,,,,,,,,,,,,,0,TRUE,0,0,,,,FALSE,FALSE,FALSE,FALSE,Dark Matter Scythe,,,,,,,,,,,,,,,,,,[]
3693,;,,,,,,,,,,,,,,,,,,,,,,,,,0,TRUE,0,0,,,,FALSE,FALSE,FALSE,FALSE,Gravity Boots,,,,,,,,,,,,50,,,,,,[]
3694,;,,,,,,,,,,,,,,,,,,,,,,,,,0,TRUE,0,0,,,,FALSE,FALSE,FALSE,FALSE,Cloak of Stars,,,,,,,,,,,,50,,,,,,[]
3695,;,,,,,,,,,,,,,,,,,,,,,,,,,0,TRUE,0,0,,,,FALSE,FALSE,FALSE,FALSE,Dark Star Sigil,,,,,,,,,,,,50,,,,,,[]
3706,;jungle;Jungle;jangle,,,2,,,,,,,,,,,80,,30,5,8,40,0.1,2,-0.2,,"['1039', '1041']",300,TRUE,700,1000,,,"['1400', '1401', '1402', '1416']",TRUE,TRUE,FALSE,FALSE,Stalker's Blade,Lets your Smite slow Champions,,,,,,,,,,,,,,,,,"['LifeSteal', 'ManaRegen', 'Slow', 'OnHit', 'NonbootsMovement', 'Jungle']"
3715,;jungle;Jungle,,,2,0.2,0.1,,,,,,,,,80,,30,5,8,40,4,2.5,14.5,1.5,"['1039', '1041']",300,TRUE,700,1000,,,"['1412', '1413', '1414', '1419']",TRUE,TRUE,FALSE,FALSE,Skirmisher's Sabre,"Lets your Smite mark Champions, giving you combat power against them.",,,,,,,,,,,,,,,,,"['LifeSteal', 'ManaRegen', 'OnHit', 'Jungle']"
3742,;juggernaut;dreadnought,,,3,,,,,,,,,,,60,,100,1,-0.5,1,,,,,"['1031', '1011']",1100,TRUE,2030,2900,,,,TRUE,TRUE,TRUE,FALSE,Dead Man's Plate,Build momentum as you move around then smash into enemies.,,,,,60,,425,,,,,,,,,,"['Health', 'Armor', 'OnHit', 'NonbootsMovement', 'Bilgewater']"
3748,;juggernaut,,,3,5,,,,,,,,,,0.025,,40,0,0,0.1,0,20,40,0.01,"['3077', '1028', '3052']",575,TRUE,2450,3500,,,,TRUE,TRUE,TRUE,FALSE,Titanic Hydra,Deals area of effect damage based on owner's health,,,,,,,450,,,,,40,,,,,"['Health', 'HealthRegen', 'Damage', 'Active', 'OnHit']"
3751,;,,,2,,,,,,,,,,,5,,1,100,325,,,,,,['1028'],500,TRUE,630,900,,,"['3068', '1401', '1413', '3672', '4103']",TRUE,TRUE,TRUE,FALSE,Bami's Cinder,Grants Health and Immolate Aura,,,,,,,200,,,,,,,,,,['Health']
3800,;,,,3,,,,,,,,,,,0.75,,4,-0.75,2,90,225,450,,,"['3024', '3801']",1100,TRUE,1855,2650,,,,TRUE,TRUE,TRUE,FALSE,Righteous Glory,"Grants Health, Mana, and Armor. Activate to speed towards enemies and slow them.",,,,,30,,400,,300,,,,,,,,"['Health', 'HealthRegen', 'Armor', 'Mana', 'Active', 'CooldownReduction', 'Slow', 'NonbootsMovement']"
3801,;,,,2,,,,,,,,,,,,,,,,,,,,,"['1028', '1006']",100,TRUE,455,650,,,"['3084', '3083', '3800', '3107']",TRUE,TRUE,TRUE,FALSE,Crystalline Bracer,Grants Health and Health Regen,,,,,,,200,,,,,,,,,,"['Health', 'HealthRegen']"
3802,;,,,2,,,,,,,,,,,25,,-0.1,15,10,20,5,0.2,3,,"['1052', '1027', '1052']",80,TRUE,910,1300,,,"['3003', '3007', '3030', '3285']",TRUE,TRUE,TRUE,FALSE,Lost Chapter,Restores Mana upon levelling up.,,,,,,,,,300,40,,,,,,,"['SpellDamage', 'Mana', 'ManaRegen', 'CooldownReduction']"
3812,;Bloodbag,,,3,,,,,,,,,,,0.15,,0.3,3,,,,,,,"['1053', '1037', '3133']",625,TRUE,2450,3500,,,,TRUE,TRUE,TRUE,FALSE,Death's Dance,Trades incoming damage now for incoming damage later,,,,0,,,,,,,,80,,,,,"['Damage', 'LifeSteal', 'CooldownReduction']"
3813,;Bloodbag,,,3,,,,,,,,,,,0.04,,0.3,3,,,,,,,"['1059', '1037', '3133']",625,TRUE,2450,3500,,,,FALSE,FALSE,FALSE,FALSE,Space Death's Dance,Trades incoming damage now for incoming damage later,,,,0,,,,,,,,80,,,,,"['Damage', 'LifeSteal', 'CooldownReduction']"
3814,;lethality,,,3,,,,,,,,,,,18,,7,0,40,5,1,,,,"['1037', '3134', '1028']",625,TRUE,2100,3000,,,,TRUE,TRUE,TRUE,FALSE,Edge of Night,Blocks an incoming enemy spell.,,,,0,,,250,,,,,55,,,,,"['Health', 'Damage', 'Active', 'ArmorPenetration']"
3901,,TRUE,TRUE,,,,,,,,,,,,,,,,,,,,,,,0,TRUE,0,0,,,,TRUE,TRUE,TRUE,FALSE,Fire at Will,Cannon Barrage gains extra waves,,Gangplank,,,,,,,,,,,,,,,[]
3902,,TRUE,TRUE,,,,,,,,,,,,,,,,,,,,,,,0,TRUE,0,0,,,,TRUE,TRUE,TRUE,FALSE,Death's Daughter,Cannon Barrage fires a mega-cannonball,,Gangplank,,,,,,,,,,,,,,,[]
3903,,TRUE,TRUE,,,,,,,,,,,,,,,,,,,,,,,0,TRUE,0,0,,,,TRUE,TRUE,TRUE,FALSE,Raise Morale,Cannon Barrage hastes allies,,Gangplank,,,,,,,,,,,,,,,[]
3905,;spooky;spooky ghosts,,,3,60,150,0.1,40,5,2,7,,,,10,,35,8,0.2,0.5,10,2100,10,90,"['3108', '3113']",650,TRUE,1680,2400,,,,TRUE,TRUE,TRUE,FALSE,Twin Shadows,Increases Ability Power and Movement Speed,,,,,,,,,,70,,,,,,0.07,"['SpellDamage', 'Active', 'CooldownReduction', 'Slow', 'NonbootsMovement']"
3907,,,,3,120,1800,,,,,,,,,10,,100,0.5,4,0.8,60,4,80,50,"['1058', '3113']",800,TRUE,2030,2900,,,,TRUE,TRUE,TRUE,FALSE,Spellbinder,Stores nearby spellcasts and can consume them to grant Movement Speed and Ability Power.,,,,,,,,,,120,,,,,,0.1,"['SpellDamage', 'Active', 'NonbootsMovement']"
3916,,,,2,,,,,,,,,,,15,,,,,,,,,,"['1028', '1052']",765,TRUE,1120,1600,,,['3165'],TRUE,TRUE,TRUE,FALSE,Oblivion Orb,Increases magic damage,,,,0,,,200,,,20,,,,,,,"['Health', 'MagicPenetration', 'SpellDamage']"
4003,;lethality,,,2,,,,,,,,,,,8,,4,120,,,,,,,"['1036', '2420']",550,TRUE,1050,1500,,,['4004'],FALSE,FALSE,FALSE,FALSE,Lifeline,"Marks the ground, and returns you there after a few moments",,,,,,,,,,,,20,,,,,"['Damage', 'NonbootsMovement', 'ArmorPenetration']"
4004,;lethality,,,3,,,,,,,,,,,18,,4,60,,,,,,,"['4003', '3134']",400,TRUE,2100,3000,,,,FALSE,FALSE,FALSE,FALSE,Spectral Cutlass,"Marks the ground, and returns you there after a few moments",,,,,,,,,,,,70,,,,,"['Armor', 'Damage', 'NonbootsMovement', 'ArmorPenetration']"
4101,;jungle;Jungle;jangle,,,,,,,,,,,,,,80,,30,5,8,40,0,2,-0.2,,,450,TRUE,315,450,,,"['4102', '4103', '4104', '4105']",FALSE,FALSE,FALSE,FALSE,Pridestalker's Blade,Kill monsters faster,,,,,,,,,,,,,,,,,"['LifeSteal', 'ManaRegen', 'Slow', 'OnHit', 'NonbootsMovement', 'Jungle']"
4102,,,,3,,,,,,,,,,,80,,30,5,8,40,0,2,-0.2,,"['3133', '4101']",1075,TRUE,1838,2625,TRUE,,,FALSE,FALSE,FALSE,FALSE,Enchantment: Warrior,Tons of Damage,,,,,,,,,,,,65,,,,,[]
4103,,,,3,,,,,,,,,,,80,,30,5,8,40,0,2,-0.2,,"['3751', '4101']",1275,TRUE,1838,2625,TRUE,,,FALSE,FALSE,FALSE,FALSE,Enchantment: Cinderhulk,Increases bonus Health and burns nearby enemies,,,,,,,350,,,,,,,,,,[]
4104,,,,3,,,,,,,,,,,80,,30,5,8,40,0,2,-0.2,,"['3108', '1027', '4101']",925,TRUE,1838,2625,TRUE,,,FALSE,FALSE,FALSE,FALSE,Enchantment: Runic Echoes,Spells explode for bonus damage,,,,,,,,,300,80,,,,,,,[]
4105,,,,3,,,,,,,,,,,80,,30,5,8,40,0.1,2,-0.2,,"['1043', '4101']",1175,TRUE,1838,2625,TRUE,,,FALSE,FALSE,FALSE,FALSE,Enchantment: Bloodrazor,Attacks deal bonus damage based on the target's maximum Health,,,,,,,,,,,,,,0.5,,,[]
4201,;dshield,,,,,,,,,,,,,,0,,10,5,2,,,,,,,450,TRUE,180,450,,,,FALSE,FALSE,FALSE,FALSE,Doran's Lost Shield,Good defensive starting item,,,,,,,100,3,,,,,,,,,"['Health', 'HealthRegen', 'Lane']"
4202,;dblade,,,,,,,,,,,,,,10,,,,,,,,,,,450,TRUE,180,450,,,,FALSE,FALSE,FALSE,FALSE,Doran's Lost Blade,Good starting item for attackers,,,,,,,80,,,,,8,,,0.08,,"['Damage', 'Health', 'Lane', 'LifeSteal']"
4203,;dring,,,,,,,,,,,,,,0,,5,,,,,,,,,400,TRUE,160,400,,,,FALSE,FALSE,FALSE,FALSE,Doran's Lost Ring,Good starting item for casters,,,,,,,60,,,15,,,,,,,"['Health', 'Lane', 'ManaRegen', 'SpellDamage']"
4204,;didol,,,,,,,,,,,,,,0.05,,12,,,,,,,,,400,TRUE,160,400,,,,FALSE,FALSE,FALSE,FALSE,Doran's Lost Idol,Good starting item for Enchanters,,,,,,,,,,10,,,,,,,"['SpellDamage', 'ManaRegen', 'Lane']"
4301,;Ancient Coin;Nomad's Medallion;Support,,,,10000,50,0.1,20,10,,,,,,50,,10,5,0,0,0,0,0,0,,450,TRUE,180,450,,,,FALSE,FALSE,FALSE,FALSE,Philosopher's Medallion,Grants gold and mana when nearby minions die that you didn't kill,,,,,,,,,,,,,,,,,"['HealthRegen', 'ManaRegen', 'GoldPer', 'CooldownReduction', 'Lane']"
4302,;Targon's Brace;Relic Shield;Support,,,,0,5000,20,3,0,40,60,0.5,10,,200,,10,5,0,0,0,0,0,5,,400,TRUE,160,400,,,,FALSE,FALSE,FALSE,FALSE,Heart of Targon,Kill minions periodically to heal and grant gold to a nearby ally,,,,,,,60,,,,,,,,,,"['Health', 'HealthRegen', 'Aura', 'GoldPer', 'Lane']"
4401,;fon,,,3,,,,,,,,,,,0.015,,,,,,,,,,"['1057', '1057', '1006', '1006']",1160,TRUE,2030,2900,,,,FALSE,FALSE,FALSE,FALSE,Force of Nature,"Movement Speed, Magic Resist, and max Health Regeneration",,,,,,,,,,,,,90,,,0.08,"['SpellBlock', 'HealthRegen', 'NonbootsMovement']"
4402,;,,,3,,,,,,,,,,,3,,0.08,0.03,25,0.2,0.15,,,,"['3010', '3133']",600,TRUE,1960,2800,,,,FALSE,FALSE,FALSE,FALSE,Innervating Locket,Cast spells to heal,,,,,,,400,,300,,,30,,,,,"['Health', 'HealthRegen', 'Damage', 'Mana', 'ManaRegen', 'CooldownReduction']"
4403,;,,,3,,,,,,,,,,,,,,,,,,,,,"['1038', '1053', '3086', '1058', '3067', '3105']",687,TRUE,5066,7237,,,,FALSE,FALSE,FALSE,FALSE,Stat-Stick of Stoicism,Has ALL the stats,,,,,30,0.3,250,,250,120,,70,30,0.5,0.1,0.1,"['Health', 'SpellBlock', 'HealthRegen', 'Armor', 'Damage', 'CriticalStrike', 'AttackSpeed', 'LifeSteal', 'SpellDamage', 'Mana', 'ManaRegen', 'CooldownReduction', 'NonbootsMovement']"